LotArea,MiscVal,GrLivArea,2ndFlrSF,1stFlrSF,Optimal_Cluster
8450.0,0.0,1710.0,854.0,856.0,2
9600.0,0.0,1262.0,0.0,1262.0,1
11250.0,0.0,1786.0,866.0,920.0,2
9550.0,0.0,1717.0,756.0,961.0,2
14260.0,0.0,2198.0,1053.0,1145.0,5
14115.0,700.0,1362.0,566.0,796.0,2
10084.0,0.0,1694.0,0.0,1694.0,0
10382.0,350.0,2090.0,983.0,1107.0,5
6120.0,0.0,1774.0,752.0,1022.0,2
7420.0,0.0,1077.0,0.0,1077.0,1
11200.0,0.0,1040.0,0.0,1040.0,1
11924.0,0.0,2324.0,1142.0,1182.0,5
12968.0,0.0,912.0,0.0,912.0,1
10652.0,0.0,1494.0,0.0,1494.0,0
10920.0,0.0,1253.0,0.0,1253.0,1
6120.0,0.0,854.0,0.0,854.0,1
11241.0,700.0,1004.0,0.0,1004.0,1
10791.0,500.0,1296.0,0.0,1296.0,1
13695.0,0.0,1114.0,0.0,1114.0,1
7560.0,0.0,1339.0,0.0,1339.0,1
14215.0,0.0,2376.0,1218.0,1158.0,5
7449.0,0.0,1108.0,0.0,1108.0,1
9742.0,0.0,1795.0,0.0,1795.0,0
4224.0,0.0,1060.0,0.0,1060.0,1
8246.0,0.0,1060.0,0.0,1060.0,1
14230.0,0.0,1600.0,0.0,1600.0,0
7200.0,0.0,900.0,0.0,900.0,1
11478.0,0.0,1704.0,0.0,1704.0,0
16321.0,0.0,1600.0,0.0,1600.0,0
6324.0,0.0,520.0,0.0,520.0,1
8500.0,0.0,1317.0,668.0,649.0,2
8544.0,0.0,1228.0,0.0,1228.0,1
11049.0,0.0,1234.0,0.0,1234.0,1
10552.0,0.0,1700.0,0.0,1700.0,0
7313.0,0.0,1561.0,0.0,1561.0,0
13418.0,0.0,2452.0,1320.0,1132.0,5
10859.0,0.0,1097.0,0.0,1097.0,1
8532.0,0.0,1297.0,0.0,1297.0,1
7922.0,0.0,1057.0,0.0,1057.0,1
6040.0,0.0,1152.0,0.0,1152.0,1
8658.0,0.0,1324.0,0.0,1324.0,1
16905.0,0.0,1328.0,0.0,1328.0,0
9180.0,0.0,884.0,0.0,884.0,1
9200.0,0.0,938.0,0.0,938.0,1
7945.0,0.0,1150.0,0.0,1150.0,1
7658.0,0.0,1752.0,0.0,1752.0,0
12822.0,0.0,2149.0,631.0,1518.0,5
11096.0,0.0,1656.0,0.0,1656.0,0
4456.0,0.0,1452.0,716.0,736.0,2
7742.0,0.0,955.0,0.0,955.0,1
13869.0,0.0,1470.0,676.0,794.0,2
6240.0,400.0,1176.0,0.0,816.0,1
8472.0,0.0,816.0,0.0,816.0,1
50271.0,0.0,1842.0,0.0,1842.0,0
7134.0,0.0,1360.0,0.0,1360.0,1
10175.0,0.0,1425.0,0.0,1425.0,0
2645.0,0.0,1739.0,756.0,983.0,2
11645.0,0.0,1720.0,860.0,860.0,2
13682.0,0.0,2945.0,1519.0,1426.0,5
7200.0,0.0,780.0,0.0,780.0,1
13072.0,0.0,1158.0,0.0,1158.0,1
7200.0,0.0,1111.0,530.0,581.0,2
6442.0,0.0,1370.0,0.0,1370.0,1
10300.0,0.0,1710.0,808.0,902.0,2
9375.0,0.0,2034.0,977.0,1057.0,2
9591.0,0.0,2473.0,1330.0,1143.0,5
19900.0,0.0,2207.0,0.0,2207.0,0
10665.0,0.0,1479.0,0.0,1479.0,0
4608.0,0.0,747.0,0.0,747.0,1
15593.0,0.0,2287.0,983.0,1304.0,5
13651.0,0.0,2223.0,0.0,2223.0,0
7599.0,0.0,845.0,0.0,845.0,1
10141.0,0.0,1718.0,833.0,885.0,2
10200.0,0.0,1086.0,0.0,1086.0,1
5790.0,0.0,1605.0,765.0,840.0,2
1596.0,0.0,988.0,462.0,526.0,2
8475.0,0.0,952.0,0.0,952.0,1
8635.0,0.0,1285.0,213.0,1072.0,1
10778.0,0.0,1768.0,0.0,1768.0,0
10440.0,0.0,1230.0,548.0,682.0,2
13000.0,0.0,2142.0,960.0,1182.0,5
4500.0,0.0,1337.0,0.0,1337.0,1
10206.0,0.0,1563.0,0.0,1563.0,0
8892.0,0.0,1065.0,0.0,1065.0,1
8530.0,700.0,1474.0,670.0,804.0,2
16059.0,0.0,2417.0,1116.0,1301.0,5
11911.0,0.0,1560.0,876.0,684.0,2
3951.0,0.0,1224.0,612.0,612.0,2
8470.0,0.0,1526.0,0.0,1013.0,1
8070.0,0.0,990.0,0.0,990.0,1
7200.0,0.0,1040.0,0.0,1040.0,1
8500.0,0.0,1235.0,0.0,1235.0,1
13360.0,0.0,964.0,0.0,964.0,1
7200.0,0.0,2291.0,1031.0,1260.0,5
9337.0,0.0,1786.0,881.0,905.0,2
9765.0,480.0,1470.0,790.0,680.0,2
10264.0,0.0,1588.0,0.0,1588.0,0
10921.0,0.0,960.0,0.0,960.0,1
10625.0,400.0,835.0,0.0,835.0,1
9320.0,400.0,1225.0,0.0,1225.0,1
10603.0,0.0,1610.0,0.0,1610.0,0
9206.0,0.0,1732.0,755.0,977.0,2
7018.0,0.0,1535.0,0.0,1535.0,0
10402.0,0.0,1226.0,0.0,1226.0,1
7758.0,0.0,1818.0,592.0,1226.0,2
9375.0,0.0,1992.0,939.0,1053.0,2
10800.0,450.0,1047.0,0.0,1047.0,1
6000.0,0.0,789.0,0.0,789.0,1
8500.0,0.0,1517.0,520.0,997.0,2
11751.0,0.0,1844.0,0.0,1844.0,0
9525.0,0.0,1855.0,639.0,1216.0,2
7750.0,0.0,1430.0,656.0,774.0,2
9965.0,0.0,2696.0,1414.0,1282.0,5
21000.0,0.0,2259.0,0.0,2259.0,0
7259.0,0.0,2320.0,884.0,1436.0,5
3230.0,0.0,1458.0,729.0,729.0,2
11616.0,0.0,1092.0,0.0,1092.0,1
8536.0,0.0,1125.0,0.0,1125.0,1
12376.0,0.0,3222.0,1523.0,1699.0,5
8461.0,0.0,1456.0,728.0,728.0,2
21453.0,0.0,988.0,0.0,988.0,1
6060.0,0.0,1123.0,351.0,772.0,1
9464.0,0.0,1080.0,0.0,1080.0,1
7892.0,0.0,1199.0,0.0,1199.0,1
17043.0,0.0,1586.0,0.0,1586.0,0
6780.0,0.0,754.0,0.0,520.0,1
4928.0,0.0,958.0,0.0,958.0,1
4388.0,0.0,840.0,0.0,840.0,1
7590.0,0.0,1348.0,688.0,660.0,2
8973.0,0.0,1053.0,0.0,1053.0,1
14200.0,0.0,2157.0,941.0,1216.0,5
12224.0,0.0,2054.0,1032.0,1022.0,5
7388.0,0.0,1327.0,0.0,1327.0,1
6853.0,0.0,1296.0,0.0,1296.0,1
10335.0,0.0,1721.0,0.0,1721.0,0
10400.0,0.0,1682.0,0.0,1682.0,0
10355.0,0.0,1214.0,0.0,1214.0,1
11070.0,0.0,1959.0,0.0,1959.0,0
9066.0,0.0,1852.0,848.0,1004.0,2
15426.0,0.0,1764.0,836.0,928.0,2
10500.0,0.0,864.0,0.0,864.0,1
11645.0,0.0,1734.0,0.0,1734.0,0
8520.0,0.0,1385.0,475.0,910.0,2
10335.0,0.0,1501.0,0.0,1501.0,0
9100.0,0.0,1728.0,0.0,1728.0,0
2522.0,0.0,1709.0,739.0,970.0,2
6120.0,0.0,875.0,0.0,875.0,1
9505.0,0.0,2035.0,1151.0,884.0,2
7500.0,0.0,1080.0,0.0,1080.0,1
6240.0,0.0,1344.0,448.0,896.0,2
10356.0,0.0,969.0,0.0,969.0,1
13891.0,0.0,1710.0,0.0,1710.0,0
14803.0,0.0,1993.0,896.0,1097.0,5
13500.0,0.0,1252.0,0.0,1252.0,1
11340.0,0.0,1200.0,0.0,1200.0,1
9600.0,0.0,1096.0,524.0,572.0,2
7200.0,0.0,1040.0,0.0,1040.0,1
12003.0,0.0,1968.0,1194.0,774.0,2
12552.0,0.0,1947.0,956.0,991.0,2
19378.0,0.0,2462.0,1070.0,1392.0,5
11120.0,0.0,1232.0,0.0,1232.0,1
13688.0,0.0,2668.0,1096.0,1572.0,5
12182.0,0.0,1541.0,0.0,1541.0,0
5500.0,0.0,882.0,0.0,882.0,1
5400.0,0.0,1616.0,467.0,1149.0,2
10106.0,0.0,1355.0,547.0,808.0,2
10708.0,0.0,1867.0,0.0,1867.0,0
10562.0,0.0,2161.0,551.0,1610.0,5
8244.0,0.0,1720.0,880.0,840.0,2
16669.0,0.0,1707.0,0.0,1707.0,0
12358.0,0.0,1382.0,0.0,854.0,1
31770.0,0.0,1656.0,0.0,1656.0,0
5306.0,0.0,1767.0,703.0,1064.0,2
10197.0,0.0,1362.0,0.0,1362.0,1
12416.0,0.0,1651.0,0.0,1651.0,0
12615.0,0.0,2158.0,0.0,2158.0,0
10029.0,0.0,2060.0,896.0,1164.0,5
13650.0,0.0,1920.0,668.0,1252.0,2
17423.0,0.0,2234.0,0.0,2234.0,0
8520.0,0.0,968.0,0.0,968.0,1
2117.0,0.0,1525.0,756.0,769.0,2
7588.0,0.0,1802.0,901.0,901.0,2
9060.0,0.0,1340.0,0.0,1340.0,1
11426.0,0.0,2082.0,720.0,1362.0,5
7438.0,0.0,1252.0,316.0,936.0,1
22950.0,0.0,3608.0,1518.0,1518.0,5
9947.0,0.0,1217.0,0.0,1217.0,1
10410.0,0.0,1656.0,704.0,808.0,2
7018.0,0.0,1224.0,0.0,1224.0,1
4923.0,0.0,1593.0,0.0,1593.0,0
10570.0,0.0,2727.0,1178.0,1549.0,5
7472.0,0.0,1479.0,754.0,725.0,2
9017.0,0.0,1431.0,0.0,1431.0,0
2522.0,0.0,1709.0,739.0,970.0,2
7180.0,0.0,864.0,0.0,864.0,1
2280.0,0.0,1456.0,601.0,855.0,2
9416.0,0.0,1726.0,0.0,1726.0,0
25419.0,0.0,3112.0,1360.0,1360.0,5
5520.0,0.0,2229.0,929.0,929.0,2
9591.0,0.0,1713.0,0.0,1713.0,0
8546.0,0.0,1121.0,0.0,1121.0,1
10125.0,0.0,1279.0,0.0,1279.0,1
7000.0,0.0,1310.0,445.0,865.0,2
4438.0,0.0,848.0,0.0,848.0,1
3500.0,0.0,1284.0,564.0,720.0,2
11851.0,0.0,1442.0,0.0,1442.0,0
13673.0,0.0,1696.0,0.0,1696.0,0
12493.0,0.0,1100.0,0.0,1100.0,1
14364.0,0.0,2062.0,882.0,1180.0,5
8250.0,0.0,1092.0,0.0,1092.0,1
5604.0,0.0,864.0,0.0,864.0,1
10420.0,0.0,1212.0,0.0,1212.0,1
8640.0,0.0,1852.0,920.0,932.0,2
13568.0,0.0,990.0,0.0,990.0,1
10900.0,450.0,1392.0,703.0,689.0,2
10011.0,0.0,1236.0,0.0,1236.0,1
8450.0,0.0,1436.0,0.0,1436.0,0
9906.0,0.0,1328.0,518.0,810.0,2
15660.0,0.0,1954.0,817.0,1137.0,5
3010.0,0.0,1248.0,0.0,1248.0,1
8990.0,0.0,1498.0,0.0,1498.0,0
8068.0,0.0,2267.0,1257.0,1010.0,5
11475.0,0.0,1552.0,741.0,811.0,2
10500.0,0.0,864.0,0.0,864.0,1
13472.0,0.0,2392.0,0.0,2392.0,0
1680.0,0.0,1302.0,672.0,630.0,2
9950.0,0.0,2520.0,1306.0,1214.0,5
1869.0,0.0,987.0,504.0,483.0,2
8521.0,0.0,912.0,0.0,912.0,1
3182.0,0.0,1555.0,0.0,1555.0,0
8760.0,0.0,1194.0,0.0,1194.0,1
15138.0,0.0,2794.0,1304.0,1490.0,5
1680.0,0.0,987.0,504.0,483.0,2
10650.0,0.0,894.0,0.0,894.0,1
7851.0,0.0,1960.0,1100.0,860.0,2
1680.0,0.0,987.0,504.0,483.0,2
8773.0,0.0,1414.0,0.0,1414.0,0
9453.0,0.0,1744.0,730.0,1014.0,2
12030.0,0.0,1694.0,0.0,1694.0,0
8741.0,0.0,1487.0,689.0,798.0,2
9000.0,0.0,1566.0,0.0,1566.0,0
3880.0,0.0,866.0,0.0,866.0,1
5000.0,0.0,1440.0,551.0,889.0,2
10762.0,0.0,1217.0,591.0,626.0,2
8880.0,0.0,2110.0,888.0,1222.0,5
10400.0,0.0,1872.0,0.0,1872.0,0
9142.0,0.0,1928.0,1020.0,908.0,2
11310.0,0.0,1375.0,0.0,1375.0,0
11317.0,0.0,1668.0,828.0,840.0,2
159000.0,500.0,2144.0,700.0,1444.0,3
5350.0,450.0,1306.0,0.0,1306.0,1
4750.0,0.0,1625.0,0.0,1625.0,0
8366.0,0.0,1640.0,842.0,798.0,2
9350.0,0.0,1302.0,0.0,1302.0,1
8400.0,0.0,1314.0,0.0,1314.0,1
8738.0,0.0,2291.0,1286.0,1005.0,5
8791.0,0.0,1728.0,864.0,864.0,2
8814.0,0.0,1604.0,0.0,1604.0,0
12435.0,0.0,1792.0,829.0,963.0,2
12702.0,0.0,882.0,0.0,882.0,1
19296.0,0.0,1382.0,0.0,1382.0,0
9588.0,0.0,2574.0,1092.0,1482.0,5
8471.0,0.0,1212.0,0.0,1212.0,1
5500.0,0.0,1316.0,0.0,926.0,1
5232.0,0.0,764.0,0.0,764.0,1
12090.0,0.0,1422.0,0.0,1422.0,0
11207.0,0.0,1511.0,709.0,802.0,2
8400.0,0.0,2192.0,720.0,1052.0,2
6900.0,0.0,778.0,0.0,778.0,1
7917.0,0.0,1113.0,0.0,1113.0,1
10728.0,0.0,1939.0,844.0,1095.0,2
39104.0,0.0,1363.0,0.0,1363.0,0
11764.0,0.0,2270.0,1106.0,1164.0,5
9600.0,0.0,1632.0,0.0,1632.0,0
8314.0,0.0,816.0,0.0,816.0,1
7264.0,0.0,1548.0,596.0,952.0,2
9196.0,0.0,1560.0,0.0,1560.0,0
19138.0,0.0,864.0,0.0,864.0,1
14450.0,0.0,2121.0,0.0,2121.0,0
10005.0,0.0,2022.0,866.0,1156.0,5
11287.0,0.0,1982.0,807.0,1175.0,2
7200.0,0.0,1262.0,0.0,1262.0,1
5063.0,0.0,1314.0,0.0,1314.0,1
9612.0,0.0,1468.0,0.0,1468.0,0
8012.0,0.0,1575.0,0.0,1575.0,0
4251.0,0.0,1250.0,625.0,625.0,2
9786.0,0.0,1734.0,649.0,1085.0,2
8125.0,0.0,858.0,0.0,858.0,1
9819.0,0.0,900.0,0.0,900.0,1
8730.0,0.0,1396.0,698.0,698.0,2
15611.0,0.0,1919.0,840.0,1079.0,2
5687.0,0.0,1716.0,780.0,936.0,2
11409.0,0.0,1716.0,568.0,1148.0,2
16659.0,0.0,2263.0,795.0,1468.0,5
9600.0,0.0,1644.0,0.0,1644.0,0
7937.0,0.0,1003.0,0.0,1003.0,1
13710.0,0.0,1558.0,648.0,910.0,2
7399.0,0.0,1950.0,975.0,975.0,2
11700.0,0.0,1743.0,702.0,1041.0,2
14000.0,0.0,1152.0,0.0,1152.0,1
15750.0,0.0,1336.0,0.0,1336.0,0
16226.0,0.0,2452.0,1242.0,1210.0,5
13704.0,0.0,1541.0,0.0,1541.0,0
9800.0,0.0,894.0,0.0,894.0,1
18386.0,0.0,3493.0,1818.0,1675.0,5
10386.0,0.0,2000.0,0.0,2000.0,0
13474.0,0.0,2243.0,1121.0,1122.0,5
7920.0,0.0,1406.0,371.0,1035.0,2
12342.0,0.0,861.0,0.0,861.0,1
12378.0,0.0,1944.0,0.0,1944.0,0
7685.0,0.0,1501.0,804.0,697.0,2
8000.0,0.0,972.0,0.0,972.0,1
7800.0,0.0,1118.0,325.0,793.0,1
215245.0,0.0,2036.0,0.0,2036.0,3
9600.0,0.0,1641.0,809.0,832.0,2
7795.0,0.0,1432.0,716.0,716.0,2
13005.0,0.0,2353.0,1200.0,1153.0,5
9000.0,0.0,1959.0,871.0,1088.0,2
9900.0,0.0,2646.0,1274.0,1372.0,5
14115.0,0.0,1472.0,0.0,1472.0,0
16259.0,0.0,2596.0,1347.0,1249.0,5
12099.0,0.0,2468.0,1332.0,1136.0,5
10380.0,0.0,2730.0,1177.0,1553.0,5
5820.0,0.0,1163.0,0.0,1163.0,1
11275.0,0.0,2978.0,1080.0,1898.0,5
5000.0,0.0,803.0,0.0,803.0,1
10846.0,0.0,1719.0,0.0,1719.0,0
11600.0,0.0,1383.0,0.0,1383.0,0
11888.0,0.0,2134.0,689.0,1445.0,5
6402.0,0.0,1192.0,596.0,596.0,2
10624.0,0.0,1728.0,0.0,1728.0,0
8176.0,0.0,1056.0,0.0,1056.0,1
10655.0,0.0,1629.0,0.0,1629.0,0
8198.0,0.0,1358.0,0.0,1358.0,1
9042.0,0.0,1638.0,695.0,943.0,2
164660.0,700.0,1786.0,167.0,1619.0,3
14157.0,0.0,1922.0,0.0,1922.0,0
9135.0,0.0,1536.0,0.0,1536.0,0
14145.0,400.0,1621.0,0.0,1621.0,0
12400.0,0.0,1215.0,0.0,1215.0,1
14191.0,0.0,1908.0,915.0,993.0,2
8400.0,0.0,841.0,0.0,841.0,1
8544.0,0.0,1040.0,0.0,1040.0,1
8849.0,0.0,1684.0,0.0,1684.0,0
2592.0,0.0,1112.0,576.0,536.0,2
6435.0,0.0,1577.0,605.0,972.0,2
12772.0,15500.0,958.0,0.0,958.0,4
17600.0,0.0,1478.0,0.0,1478.0,0
2448.0,0.0,1626.0,862.0,764.0,2
20431.0,0.0,2728.0,880.0,1848.0,5
7820.0,0.0,1869.0,0.0,1869.0,0
5271.0,0.0,1453.0,0.0,1453.0,0
9084.0,0.0,1111.0,495.0,616.0,2
8520.0,0.0,720.0,0.0,720.0,1
8400.0,0.0,1595.0,403.0,1192.0,2
11249.0,0.0,1200.0,0.0,1200.0,1
9248.0,0.0,1167.0,0.0,1167.0,1
4224.0,0.0,1142.0,0.0,1142.0,1
6930.0,0.0,1352.0,0.0,1352.0,1
12011.0,0.0,1924.0,838.0,1086.0,2
7540.0,0.0,912.0,0.0,912.0,1
9144.0,0.0,1505.0,517.0,988.0,2
7301.0,0.0,1922.0,1427.0,495.0,2
1680.0,0.0,987.0,504.0,483.0,2
18800.0,0.0,1574.0,784.0,790.0,2
10690.0,0.0,1344.0,672.0,672.0,2
9500.0,0.0,1394.0,0.0,1394.0,0
9150.0,0.0,1431.0,0.0,1431.0,0
7800.0,0.0,1268.0,0.0,1268.0,1
9830.0,0.0,1287.0,0.0,1287.0,1
8121.0,0.0,1664.0,711.0,953.0,2
17120.0,0.0,1588.0,468.0,1120.0,2
7175.0,0.0,752.0,0.0,752.0,1
10634.0,0.0,1319.0,0.0,1319.0,1
8200.0,0.0,1928.0,1081.0,847.0,2
10020.0,0.0,904.0,0.0,904.0,1
8846.0,0.0,914.0,0.0,914.0,1
11143.0,0.0,2466.0,886.0,1580.0,5
11394.0,0.0,1856.0,0.0,1856.0,0
8123.0,0.0,1800.0,793.0,1007.0,2
5000.0,0.0,1691.0,665.0,1026.0,2
7200.0,0.0,1301.0,0.0,1301.0,1
9245.0,0.0,1797.0,858.0,939.0,2
9000.0,0.0,784.0,0.0,784.0,1
53107.0,0.0,1953.0,874.0,1079.0,5
3182.0,0.0,1269.0,0.0,1269.0,1
8410.0,0.0,1184.0,526.0,658.0,2
7200.0,0.0,1125.0,0.0,1125.0,1
9382.0,0.0,1479.0,0.0,1479.0,0
12474.0,0.0,2332.0,590.0,1742.0,5
8405.0,0.0,1367.0,406.0,961.0,2
12209.0,0.0,1961.0,1157.0,804.0,2
8339.0,1200.0,882.0,0.0,882.0,1
7446.0,0.0,788.0,0.0,788.0,1
10134.0,0.0,1034.0,299.0,735.0,1
9571.0,0.0,1144.0,0.0,1144.0,1
7200.0,0.0,894.0,0.0,894.0,1
7590.0,0.0,1812.0,936.0,876.0,2
8967.0,0.0,1077.0,0.0,1077.0,1
8125.0,0.0,1550.0,438.0,1112.0,2
14963.0,0.0,1288.0,0.0,1288.0,1
8767.0,0.0,1310.0,0.0,1310.0,1
10200.0,0.0,672.0,0.0,672.0,1
12090.0,0.0,2263.0,1098.0,1165.0,5
10364.0,0.0,1572.0,766.0,806.0,2
9991.0,0.0,1620.0,0.0,1620.0,0
10480.0,0.0,1639.0,0.0,1166.0,1
15576.0,0.0,1680.0,840.0,840.0,2
14154.0,0.0,2172.0,1101.0,1071.0,5
10800.0,0.0,2078.0,1028.0,1050.0,5
9571.0,0.0,1276.0,0.0,1276.0,1
34650.0,0.0,1056.0,0.0,1056.0,1
4403.0,0.0,1478.0,0.0,1478.0,0
8960.0,0.0,1028.0,0.0,1028.0,1
11228.0,0.0,2097.0,1017.0,1080.0,5
8899.0,0.0,1340.0,0.0,1340.0,1
7844.0,0.0,1400.0,728.0,672.0,2
22420.0,0.0,2624.0,1254.0,1370.0,5
8160.0,0.0,1134.0,378.0,756.0,1
8450.0,0.0,1056.0,0.0,1056.0,1
7060.0,0.0,1344.0,0.0,1344.0,1
16635.0,0.0,1602.0,0.0,1602.0,0
21750.0,0.0,988.0,0.0,988.0,1
9200.0,0.0,2630.0,1160.0,1470.0,5
9000.0,0.0,1196.0,0.0,1196.0,1
3378.0,0.0,1389.0,682.0,707.0,2
12800.0,0.0,1644.0,0.0,1644.0,0
8593.0,0.0,907.0,0.0,907.0,1
6762.0,0.0,1208.0,0.0,1208.0,1
11457.0,0.0,1412.0,0.0,1412.0,0
1680.0,0.0,987.0,504.0,483.0,2
5586.0,0.0,1198.0,110.0,1088.0,1
1920.0,0.0,1365.0,600.0,765.0,2
10839.0,0.0,1604.0,678.0,926.0,2
1890.0,0.0,630.0,0.0,630.0,1
10667.0,0.0,1661.0,834.0,827.0,2
4400.0,0.0,1118.0,384.0,734.0,1
6000.0,0.0,904.0,0.0,904.0,1
4280.0,0.0,694.0,0.0,694.0,1
12354.0,800.0,1196.0,512.0,684.0,2
15431.0,0.0,2402.0,0.0,2402.0,0
12108.0,0.0,1440.0,0.0,1440.0,0
6240.0,0.0,1573.0,445.0,1128.0,2
3922.0,0.0,1258.0,0.0,1258.0,1
8750.0,0.0,1908.0,975.0,933.0,2
9855.0,0.0,1689.0,0.0,1689.0,0
16492.0,0.0,1888.0,0.0,1888.0,0
11214.0,0.0,1886.0,930.0,956.0,2
8600.0,0.0,1376.0,596.0,780.0,2
6000.0,0.0,1183.0,504.0,679.0,2
5684.0,0.0,813.0,0.0,813.0,1
70761.0,0.0,1533.0,0.0,1533.0,0
9303.0,0.0,1756.0,868.0,888.0,2
9000.0,0.0,1590.0,804.0,786.0,2
9297.0,0.0,1728.0,0.0,1728.0,0
9600.0,0.0,1242.0,0.0,1242.0,1
4571.0,0.0,1344.0,720.0,624.0,2
53227.0,0.0,1663.0,0.0,1663.0,0
5100.0,0.0,1666.0,833.0,833.0,2
7015.0,0.0,1203.0,224.0,979.0,1
8004.0,0.0,1935.0,1103.0,832.0,2
7200.0,0.0,1135.0,560.0,575.0,2
8281.0,0.0,864.0,0.0,864.0,1
11988.0,0.0,1660.0,811.0,849.0,2
8430.0,0.0,1040.0,0.0,1040.0,1
3072.0,0.0,1414.0,0.0,1414.0,1
10628.0,0.0,1277.0,0.0,1277.0,1
9480.0,0.0,1644.0,756.0,888.0,2
11428.0,0.0,1634.0,0.0,1634.0,0
9291.0,0.0,1710.0,878.0,832.0,2
6820.0,0.0,1502.0,0.0,1502.0,0
11952.0,0.0,1969.0,808.0,1161.0,2
3675.0,0.0,1072.0,0.0,1072.0,1
14977.0,0.0,1976.0,0.0,1976.0,0
5330.0,0.0,1652.0,0.0,1652.0,0
8480.0,0.0,970.0,0.0,970.0,1
13125.0,0.0,1493.0,0.0,1493.0,0
13693.0,0.0,2643.0,574.0,2069.0,5
10637.0,0.0,1718.0,0.0,1718.0,0
5925.0,0.0,1131.0,0.0,1131.0,1
16033.0,0.0,1850.0,0.0,1850.0,0
11846.0,0.0,1792.0,0.0,1792.0,0
2500.0,0.0,1826.0,910.0,916.0,2
4500.0,0.0,1216.0,0.0,1216.0,1
7758.0,0.0,999.0,0.0,999.0,1
9600.0,0.0,1113.0,0.0,1113.0,1
10289.0,0.0,1073.0,0.0,1073.0,1
12243.0,0.0,1484.0,0.0,1484.0,0
10800.0,0.0,2414.0,648.0,1766.0,5
1526.0,0.0,630.0,0.0,630.0,1
2665.0,0.0,1304.0,688.0,616.0,2
9490.0,0.0,1578.0,620.0,958.0,2
15578.0,0.0,1456.0,728.0,728.0,2
7931.0,0.0,1269.0,0.0,1269.0,1
5784.0,0.0,886.0,0.0,886.0,1
7879.0,0.0,720.0,0.0,720.0,1
12692.0,0.0,3228.0,0.0,3228.0,0
9120.0,0.0,1820.0,687.0,1133.0,2
7800.0,0.0,899.0,0.0,899.0,1
7535.0,480.0,912.0,0.0,912.0,1
1890.0,0.0,1218.0,546.0,672.0,2
9803.0,0.0,1768.0,902.0,866.0,2
9170.0,400.0,1214.0,0.0,1214.0,1
15602.0,0.0,1801.0,0.0,1801.0,0
2308.0,0.0,1322.0,467.0,855.0,2
7596.0,0.0,1960.0,1000.0,960.0,2
9554.0,0.0,1911.0,846.0,1065.0,2
7862.0,0.0,1218.0,0.0,1218.0,1
9600.0,0.0,1378.0,689.0,689.0,2
9600.0,0.0,1041.0,0.0,1041.0,1
14559.0,2000.0,1363.0,0.0,1363.0,0
6792.0,0.0,1368.0,0.0,1368.0,1
9100.0,0.0,864.0,0.0,864.0,1
9187.0,0.0,1080.0,0.0,1080.0,1
10594.0,0.0,789.0,0.0,789.0,1
12220.0,0.0,2020.0,0.0,2020.0,0
10448.0,0.0,2119.0,741.0,1378.0,5
10208.0,0.0,2344.0,1067.0,1277.0,5
9531.0,0.0,1796.0,914.0,882.0,2
10918.0,0.0,2080.0,804.0,1276.0,5
10800.0,0.0,1294.0,600.0,694.0,2
11988.0,0.0,1244.0,0.0,1244.0,1
5000.0,0.0,1664.0,660.0,1004.0,2
40094.0,0.0,4676.0,1538.0,3138.0,5
11787.0,0.0,2398.0,1015.0,1383.0,5
7500.0,0.0,1266.0,0.0,1266.0,1
13300.0,0.0,928.0,0.0,928.0,1
14948.0,0.0,2713.0,1237.0,1476.0,5
9098.0,0.0,605.0,0.0,605.0,1
32668.0,0.0,2515.0,0.0,2515.0,0
10200.0,0.0,1509.0,0.0,1509.0,0
6155.0,0.0,1362.0,611.0,751.0,2
7200.0,0.0,827.0,0.0,827.0,1
5000.0,0.0,334.0,0.0,334.0,1
9056.0,0.0,1414.0,707.0,707.0,2
7000.0,0.0,1347.0,527.0,820.0,2
8924.0,0.0,1724.0,844.0,880.0,2
12735.0,0.0,864.0,0.0,864.0,1
11553.0,0.0,1159.0,0.0,1159.0,1
11423.0,2000.0,1601.0,0.0,1601.0,0
14601.0,0.0,1838.0,0.0,1838.0,0
11000.0,0.0,2285.0,1288.0,997.0,5
10140.0,0.0,1680.0,0.0,1680.0,0
4058.0,0.0,767.0,0.0,767.0,1
17104.0,0.0,1496.0,832.0,664.0,2
13837.0,0.0,2183.0,806.0,1377.0,5
8737.0,0.0,1635.0,720.0,915.0,2
7244.0,0.0,768.0,0.0,768.0,1
8235.0,0.0,825.0,0.0,825.0,1
9375.0,0.0,2094.0,1182.0,912.0,5
4043.0,0.0,1069.0,0.0,1069.0,1
6000.0,0.0,928.0,0.0,928.0,1
11146.0,0.0,1717.0,0.0,1717.0,0
8777.0,0.0,1126.0,0.0,1126.0,1
10625.0,0.0,2046.0,1040.0,1006.0,5
6380.0,0.0,1048.0,0.0,1048.0,1
14850.0,0.0,1092.0,0.0,1092.0,1
11040.0,0.0,1336.0,439.0,897.0,2
21872.0,0.0,1446.0,717.0,729.0,2
3196.0,0.0,1557.0,0.0,1557.0,0
11341.0,0.0,1392.0,0.0,1392.0,0
10010.0,0.0,1389.0,0.0,1389.0,0
13907.0,0.0,996.0,0.0,996.0,1
21780.0,0.0,1674.0,511.0,1163.0,2
13346.0,0.0,2295.0,1129.0,1166.0,5
6858.0,0.0,1647.0,806.0,841.0,2
11198.0,0.0,2504.0,1370.0,1134.0,5
10171.0,0.0,1535.0,0.0,1535.0,0
12327.0,0.0,2132.0,636.0,1496.0,5
7032.0,0.0,943.0,0.0,943.0,1
13101.0,0.0,1728.0,0.0,1728.0,0
7332.0,0.0,864.0,0.0,864.0,1
13159.0,0.0,1692.0,846.0,846.0,2
9967.0,0.0,1430.0,656.0,774.0,2
10500.0,0.0,1109.0,533.0,576.0,2
8480.0,0.0,1216.0,384.0,832.0,2
6292.0,0.0,1477.0,600.0,877.0,2
11777.0,0.0,1320.0,0.0,1320.0,1
3604.0,0.0,1392.0,689.0,703.0,2
12150.0,0.0,1795.0,745.0,1050.0,2
14585.0,0.0,1429.0,0.0,1429.0,0
12704.0,0.0,2042.0,0.0,2042.0,0
11841.0,0.0,816.0,0.0,816.0,1
13500.0,0.0,2775.0,1254.0,1521.0,5
6120.0,0.0,1573.0,584.0,989.0,2
11443.0,0.0,2028.0,0.0,2028.0,0
10267.0,0.0,838.0,0.0,838.0,1
8740.0,0.0,860.0,0.0,860.0,1
25095.0,0.0,1473.0,0.0,1473.0,0
9100.0,600.0,935.0,0.0,779.0,1
8320.0,0.0,1582.0,812.0,770.0,2
13478.0,0.0,2296.0,568.0,1728.0,5
6600.0,0.0,816.0,0.0,816.0,1
4435.0,0.0,848.0,0.0,848.0,1
7990.0,0.0,924.0,0.0,924.0,1
11302.0,0.0,1826.0,0.0,1826.0,0
3600.0,0.0,1368.0,684.0,684.0,2
3922.0,0.0,1402.0,0.0,1402.0,1
12984.0,0.0,1647.0,0.0,1647.0,0
1950.0,0.0,1556.0,840.0,716.0,2
10927.0,0.0,1904.0,846.0,1058.0,2
9000.0,0.0,1375.0,595.0,780.0,2
10041.0,0.0,1915.0,988.0,927.0,2
3182.0,0.0,1200.0,600.0,600.0,2
12803.0,0.0,1494.0,0.0,1494.0,0
13600.0,0.0,1986.0,800.0,1186.0,5
12464.0,0.0,1040.0,0.0,1040.0,1
7800.0,0.0,2008.0,896.0,1112.0,2
12168.0,0.0,3194.0,1254.0,1940.0,5
7943.0,0.0,1029.0,0.0,1029.0,1
11050.0,0.0,2153.0,677.0,1476.0,5
10395.0,500.0,1032.0,0.0,1032.0,1
11885.0,0.0,1872.0,573.0,1299.0,2
8402.0,0.0,1120.0,0.0,1120.0,1
1491.0,0.0,630.0,0.0,630.0,1
8800.0,0.0,1054.0,0.0,1054.0,1
7861.0,0.0,1509.0,702.0,807.0,2
7227.0,0.0,832.0,0.0,832.0,1
11694.0,0.0,1828.0,0.0,1828.0,0
12244.0,0.0,2262.0,780.0,1482.0,5
8248.0,0.0,864.0,0.0,864.0,1
10800.0,0.0,2614.0,1066.0,1548.0,5
7064.0,0.0,980.0,0.0,980.0,1
2117.0,0.0,1512.0,756.0,756.0,2
10400.0,0.0,1790.0,778.0,1012.0,2
10000.0,0.0,1116.0,0.0,1116.0,1
12342.0,600.0,1422.0,0.0,1422.0,0
9600.0,0.0,1520.0,0.0,1520.0,0
11606.0,0.0,2080.0,1040.0,1040.0,5
9020.0,0.0,1350.0,0.0,1350.0,1
9000.0,0.0,1750.0,661.0,1089.0,2
4590.0,0.0,1554.0,0.0,1554.0,0
11900.0,0.0,1411.0,0.0,1411.0,0
9250.0,0.0,1056.0,0.0,1056.0,1
6979.0,600.0,1056.0,0.0,1056.0,1
10896.0,0.0,3395.0,1440.0,1440.0,5
6120.0,0.0,800.0,0.0,800.0,1
6000.0,0.0,1387.0,576.0,811.0,2
8777.0,0.0,796.0,0.0,796.0,1
3982.0,0.0,1567.0,0.0,1567.0,0
12677.0,0.0,1518.0,0.0,1518.0,0
7050.0,0.0,1929.0,872.0,1057.0,2
13860.0,0.0,2704.0,704.0,2000.0,5
10793.0,0.0,1620.0,840.0,780.0,2
9187.0,0.0,1766.0,0.0,1766.0,0
10530.0,0.0,981.0,0.0,981.0,1
7200.0,0.0,1048.0,0.0,1048.0,1
10452.0,0.0,1094.0,0.0,1094.0,1
7700.0,0.0,1839.0,788.0,1051.0,2
1936.0,0.0,630.0,0.0,630.0,1
8125.0,0.0,1665.0,843.0,822.0,2
9084.0,0.0,1510.0,755.0,755.0,2
8750.0,0.0,1716.0,807.0,909.0,2
10320.0,0.0,1469.0,713.0,756.0,2
10437.0,0.0,2113.0,0.0,2113.0,0
1680.0,0.0,1092.0,567.0,525.0,2
10007.0,0.0,1053.0,0.0,1053.0,1
7200.0,0.0,1502.0,651.0,851.0,2
17503.0,0.0,1458.0,546.0,912.0,2
9937.0,0.0,1486.0,0.0,1486.0,0
12384.0,0.0,1935.0,793.0,1142.0,2
46589.0,0.0,2448.0,762.0,1686.0,5
13560.0,0.0,1392.0,0.0,1392.0,0
10012.0,0.0,1181.0,0.0,1181.0,1
20896.0,0.0,2097.0,0.0,2097.0,0
11194.0,0.0,1936.0,482.0,1454.0,0
18450.0,0.0,2380.0,915.0,1465.0,5
8125.0,0.0,1679.0,0.0,1679.0,0
14175.0,0.0,1437.0,0.0,1437.0,0
11600.0,0.0,1180.0,0.0,1180.0,1
8633.0,0.0,1476.0,738.0,738.0,2
6629.0,0.0,1369.0,672.0,697.0,2
11250.0,0.0,1208.0,0.0,1208.0,1
14442.0,0.0,1839.0,0.0,1839.0,0
9200.0,0.0,1136.0,0.0,1136.0,1
2289.0,0.0,1441.0,586.0,855.0,2
9600.0,0.0,1774.0,679.0,1095.0,2
9022.0,0.0,792.0,0.0,792.0,1
11844.0,0.0,2046.0,0.0,2046.0,0
9945.0,0.0,988.0,0.0,988.0,1
8012.0,0.0,923.0,0.0,923.0,1
4500.0,0.0,1520.0,672.0,848.0,2
2887.0,0.0,1291.0,0.0,1291.0,1
11248.0,0.0,1668.0,0.0,1668.0,0
16770.0,0.0,1839.0,644.0,1195.0,2
5062.0,0.0,2090.0,900.0,1190.0,5
10207.0,0.0,1761.0,887.0,874.0,2
5105.0,0.0,1102.0,551.0,551.0,2
8089.0,0.0,1419.0,0.0,1419.0,0
7577.0,0.0,1362.0,0.0,1362.0,1
4426.0,0.0,848.0,0.0,848.0,1
21535.0,0.0,4316.0,1872.0,2444.0,5
26178.0,0.0,2519.0,1281.0,1238.0,5
5400.0,0.0,1073.0,0.0,1073.0,1
6120.0,0.0,1539.0,472.0,1067.0,2
13811.0,0.0,1137.0,0.0,1137.0,1
6000.0,0.0,616.0,0.0,616.0,1
6420.0,0.0,1148.0,0.0,1148.0,1
8450.0,0.0,894.0,0.0,894.0,1
4282.0,0.0,1391.0,0.0,1391.0,1
14331.0,0.0,1800.0,0.0,1800.0,0
9600.0,0.0,1164.0,0.0,1164.0,1
12438.0,0.0,2576.0,1312.0,1264.0,5
7630.0,0.0,1812.0,780.0,1032.0,2
8400.0,0.0,1484.0,0.0,1484.0,0
5600.0,3500.0,1092.0,720.0,372.0,2
115149.0,0.0,1824.0,0.0,1824.0,3
6240.0,0.0,1324.0,0.0,1324.0,1
9018.0,0.0,1456.0,728.0,728.0,2
7162.0,0.0,904.0,0.0,904.0,1
4130.0,0.0,729.0,0.0,729.0,1
8712.0,0.0,1178.0,319.0,859.0,1
4671.0,0.0,1228.0,0.0,1228.0,1
9873.0,0.0,960.0,0.0,960.0,1
13517.0,0.0,1479.0,754.0,725.0,2
10140.0,0.0,1350.0,0.0,1350.0,1
10800.0,0.0,2554.0,978.0,1576.0,5
10000.0,0.0,1178.0,0.0,1178.0,1
10542.0,0.0,2418.0,1093.0,1325.0,5
9920.0,0.0,971.0,0.0,971.0,1
6563.0,0.0,1742.0,0.0,1742.0,0
4426.0,0.0,848.0,0.0,848.0,1
8120.0,0.0,864.0,0.0,864.0,1
8172.0,0.0,1470.0,473.0,997.0,2
13286.0,0.0,1698.0,0.0,1698.0,0
6960.0,500.0,864.0,0.0,864.0,1
21695.0,0.0,1680.0,0.0,1680.0,0
7314.0,0.0,1232.0,0.0,1232.0,1
11475.0,0.0,1776.0,0.0,1776.0,0
6240.0,0.0,1208.0,0.0,848.0,1
5389.0,0.0,1616.0,0.0,1616.0,0
9590.0,0.0,1146.0,0.0,1146.0,1
11404.0,0.0,2031.0,878.0,1153.0,5
10000.0,400.0,1144.0,0.0,1144.0,1
8978.0,0.0,948.0,0.0,948.0,1
10800.0,0.0,1768.0,888.0,880.0,2
8544.0,0.0,1040.0,0.0,1040.0,1
10463.0,0.0,1801.0,900.0,901.0,2
10800.0,0.0,1200.0,0.0,1200.0,1
9313.0,0.0,1728.0,864.0,864.0,2
9600.0,0.0,1432.0,664.0,768.0,2
6768.0,0.0,912.0,0.0,912.0,1
8450.0,0.0,1349.0,0.0,1349.0,1
12886.0,0.0,1464.0,0.0,1464.0,0
5395.0,0.0,1337.0,0.0,1337.0,1
8963.0,0.0,2715.0,1540.0,1175.0,5
8795.0,0.0,2256.0,1276.0,980.0,5
11700.0,0.0,2640.0,1320.0,1320.0,5
10593.0,0.0,1720.0,0.0,1720.0,0
8405.0,0.0,1529.0,441.0,1088.0,2
8800.0,0.0,1140.0,348.0,792.0,1
7750.0,0.0,1320.0,660.0,660.0,2
9236.0,0.0,1494.0,0.0,1494.0,0
10240.0,0.0,2098.0,1060.0,1038.0,5
7930.0,0.0,1026.0,0.0,1026.0,1
3230.0,0.0,1471.0,729.0,742.0,2
10769.0,0.0,1768.0,902.0,866.0,2
11616.0,0.0,1386.0,714.0,672.0,2
2280.0,0.0,1501.0,744.0,757.0,2
12257.0,0.0,2531.0,1203.0,1328.0,5
9100.0,450.0,864.0,0.0,864.0,1
6911.0,0.0,1301.0,0.0,1301.0,1
8640.0,0.0,1547.0,783.0,764.0,2
9430.0,0.0,2365.0,1097.0,1268.0,5
9549.0,0.0,1494.0,0.0,1494.0,0
14587.0,0.0,1506.0,0.0,1506.0,0
10421.0,500.0,1714.0,734.0,980.0,2
12508.0,1300.0,1750.0,767.0,983.0,2
9100.0,0.0,1836.0,0.0,1836.0,0
53504.0,0.0,3279.0,1589.0,1690.0,5
7252.0,0.0,858.0,0.0,858.0,1
8877.0,0.0,1220.0,0.0,1220.0,1
7819.0,0.0,1117.0,0.0,1117.0,1
10150.0,0.0,912.0,0.0,912.0,1
14226.0,0.0,1973.0,0.0,1973.0,0
4500.0,0.0,1204.0,0.0,1204.0,1
11210.0,0.0,1614.0,0.0,1614.0,0
13350.0,0.0,894.0,0.0,894.0,1
8400.0,0.0,2020.0,0.0,2020.0,0
10530.0,0.0,1004.0,0.0,1004.0,1
7875.0,0.0,1253.0,0.0,1253.0,1
7153.0,0.0,1603.0,793.0,810.0,2
16285.0,0.0,1430.0,0.0,1430.0,0
9101.0,0.0,1110.0,0.0,1110.0,1
6300.0,0.0,1484.0,742.0,742.0,2
9790.0,0.0,1342.0,0.0,1342.0,1
10800.0,1200.0,1652.0,686.0,966.0,2
10142.0,0.0,2084.0,1128.0,956.0,5
6000.0,0.0,901.0,0.0,901.0,1
12205.0,0.0,2087.0,1111.0,976.0,5
3182.0,0.0,1145.0,0.0,1145.0,1
11333.0,0.0,1062.0,0.0,1062.0,1
9920.0,0.0,2013.0,886.0,1127.0,2
9158.0,0.0,1496.0,0.0,1496.0,0
10832.0,500.0,1895.0,809.0,1086.0,2
8400.0,0.0,1564.0,676.0,888.0,2
8197.0,0.0,1285.0,0.0,1285.0,1
7677.0,0.0,773.0,0.0,773.0,1
13518.0,0.0,3140.0,1174.0,1966.0,5
7200.0,0.0,1768.0,787.0,981.0,2
12798.0,400.0,1688.0,1072.0,616.0,2
4800.0,0.0,1196.0,0.0,1196.0,1
8199.0,0.0,1456.0,728.0,728.0,2
13891.0,0.0,2822.0,1088.0,1734.0,5
9000.0,0.0,1128.0,0.0,1128.0,1
12274.0,0.0,1428.0,0.0,1428.0,0
9750.0,0.0,980.0,0.0,980.0,1
21384.0,0.0,1576.0,504.0,1072.0,2
13400.0,0.0,1086.0,0.0,1086.0,1
8100.0,0.0,2138.0,1063.0,1075.0,5
10140.0,0.0,1309.0,0.0,1309.0,1
4438.0,0.0,848.0,0.0,848.0,1
8712.0,54.0,1044.0,0.0,1044.0,1
9750.0,500.0,1442.0,0.0,1442.0,0
8248.0,0.0,1250.0,564.0,686.0,2
12137.0,0.0,1661.0,0.0,1661.0,0
11425.0,0.0,1008.0,0.0,1008.0,1
13265.0,0.0,1689.0,0.0,1689.0,0
8816.0,0.0,1052.0,0.0,1052.0,1
6371.0,0.0,1358.0,0.0,1358.0,1
7226.0,0.0,1640.0,842.0,798.0,2
6000.0,0.0,936.0,0.0,936.0,1
12394.0,0.0,1733.0,886.0,847.0,2
9900.0,0.0,1489.0,545.0,944.0,2
11216.0,0.0,1489.0,0.0,1489.0,0
14803.0,0.0,2084.0,0.0,2084.0,0
6130.0,0.0,784.0,0.0,784.0,1
8529.0,0.0,1434.0,0.0,1434.0,0
28698.0,0.0,2126.0,966.0,1160.0,5
2544.0,0.0,1223.0,623.0,520.0,2
11900.0,0.0,1392.0,0.0,1392.0,0
3180.0,0.0,1200.0,600.0,520.0,2
9548.0,0.0,1829.0,888.0,941.0,2
10004.0,0.0,1516.0,0.0,1516.0,0
7875.0,0.0,1144.0,0.0,1144.0,1
9600.0,0.0,1067.0,0.0,1067.0,1
8100.0,0.0,1559.0,0.0,1559.0,0
1680.0,0.0,987.0,504.0,483.0,2
9525.0,0.0,1099.0,0.0,1099.0,1
11767.0,0.0,1200.0,432.0,768.0,2
12155.0,0.0,1482.0,672.0,810.0,2
10440.0,0.0,1539.0,581.0,958.0,2
9020.0,0.0,1165.0,0.0,1165.0,1
8000.0,0.0,1800.0,0.0,1800.0,0
12665.0,0.0,1416.0,540.0,876.0,2
16647.0,0.0,1701.0,0.0,1701.0,0
9317.0,0.0,1775.0,769.0,1006.0,2
15523.0,0.0,864.0,0.0,864.0,1
45600.0,0.0,2358.0,1051.0,1307.0,5
9600.0,0.0,1855.0,761.0,1094.0,2
4435.0,0.0,848.0,0.0,848.0,1
3196.0,0.0,1456.0,0.0,1456.0,0
7128.0,0.0,1646.0,728.0,918.0,2
12095.0,0.0,1445.0,0.0,1445.0,0
17920.0,0.0,1779.0,0.0,1779.0,0
6897.0,0.0,1040.0,0.0,1040.0,1
10970.0,0.0,1026.0,0.0,1026.0,1
8125.0,0.0,1481.0,779.0,702.0,2
10400.0,0.0,1370.0,0.0,1370.0,0
11029.0,0.0,2654.0,1142.0,1512.0,5
7642.0,0.0,1426.0,514.0,912.0,2
11625.0,0.0,1039.0,0.0,1039.0,1
9672.0,0.0,1097.0,0.0,1097.0,1
7931.0,0.0,1148.0,0.0,1148.0,1
8640.0,0.0,1372.0,0.0,1372.0,1
8750.0,0.0,1002.0,0.0,1002.0,1
10656.0,0.0,1646.0,0.0,1646.0,0
6970.0,400.0,1120.0,0.0,1120.0,1
14762.0,0.0,2320.0,720.0,1547.0,5
9938.0,0.0,1949.0,887.0,1062.0,2
6600.0,0.0,894.0,0.0,894.0,1
8750.0,0.0,1682.0,878.0,804.0,2
8892.0,0.0,910.0,0.0,910.0,1
12144.0,0.0,1268.0,0.0,1036.0,1
5720.0,0.0,1131.0,455.0,676.0,2
9000.0,0.0,2610.0,1426.0,1184.0,5
25286.0,0.0,1040.0,0.0,1040.0,1
8834.0,0.0,2224.0,762.0,1462.0,5
11782.0,400.0,1155.0,0.0,1155.0,1
7000.0,0.0,864.0,0.0,864.0,1
7024.0,0.0,1090.0,0.0,1090.0,1
13758.0,0.0,1717.0,530.0,1187.0,2
9636.0,0.0,1593.0,785.0,808.0,2
6204.0,0.0,2230.0,795.0,954.0,2
7150.0,0.0,892.0,0.0,892.0,1
5119.0,0.0,1709.0,0.0,1709.0,0
8393.0,0.0,1712.0,0.0,1712.0,0
16466.0,0.0,1393.0,521.0,872.0,2
15865.0,0.0,2217.0,0.0,2217.0,0
12160.0,0.0,1505.0,0.0,1505.0,0
8064.0,2000.0,924.0,252.0,672.0,1
11184.0,0.0,1683.0,765.0,918.0,2
8414.0,0.0,1068.0,0.0,1068.0,1
13284.0,0.0,1383.0,0.0,1383.0,0
7018.0,0.0,1535.0,0.0,1535.0,0
7056.0,0.0,1796.0,813.0,983.0,2
8765.0,0.0,951.0,0.0,951.0,1
7018.0,0.0,2240.0,1120.0,1120.0,5
12919.0,0.0,2364.0,0.0,2364.0,0
6993.0,0.0,1236.0,0.0,1236.0,1
7340.0,0.0,858.0,0.0,858.0,1
8712.0,0.0,1306.0,0.0,1306.0,1
7875.0,0.0,1509.0,702.0,807.0,2
14859.0,0.0,1670.0,0.0,1670.0,0
6173.0,0.0,902.0,0.0,902.0,1
9920.0,0.0,1063.0,0.0,1063.0,1
13501.0,0.0,1636.0,0.0,1636.0,0
11500.0,0.0,2057.0,1037.0,1020.0,5
8885.0,0.0,902.0,0.0,902.0,1
12589.0,0.0,1484.0,742.0,742.0,2
11600.0,0.0,2274.0,1169.0,1105.0,5
9286.0,0.0,1268.0,0.0,1268.0,1
6120.0,620.0,1015.0,0.0,1015.0,1
6270.0,0.0,2002.0,1001.0,1001.0,2
3000.0,0.0,1224.0,612.0,612.0,2
2001.0,0.0,1092.0,546.0,546.0,2
9000.0,0.0,480.0,0.0,480.0,1
17140.0,0.0,1229.0,0.0,1229.0,1
13125.0,0.0,2127.0,1215.0,912.0,5
11029.0,0.0,1414.0,0.0,1414.0,0
8462.0,0.0,1721.0,785.0,936.0,2
8777.0,0.0,2200.0,928.0,1272.0,5
10237.0,0.0,1316.0,0.0,1316.0,1
8012.0,0.0,1617.0,0.0,1617.0,0
10240.0,0.0,1686.0,0.0,1686.0,0
15611.0,0.0,1126.0,0.0,1126.0,1
11999.0,0.0,2374.0,1140.0,1234.0,5
9900.0,0.0,1978.0,880.0,1098.0,2
11838.0,0.0,1788.0,0.0,1788.0,0
13006.0,0.0,2236.0,1243.0,993.0,5
8925.0,0.0,1466.0,0.0,1466.0,0
9100.0,0.0,925.0,0.0,925.0,1
11670.0,0.0,1905.0,0.0,1905.0,0
8487.0,0.0,1500.0,0.0,1500.0,0
27650.0,0.0,2069.0,0.0,2069.0,0
5825.0,0.0,747.0,0.0,747.0,1
10083.0,0.0,1200.0,0.0,1200.0,1
9675.0,0.0,1971.0,858.0,1113.0,2
8760.0,0.0,1962.0,571.0,1391.0,2
24090.0,0.0,2403.0,1196.0,1207.0,5
12640.0,0.0,1728.0,0.0,1728.0,0
8755.0,0.0,2060.0,1038.0,1022.0,5
7711.0,0.0,1440.0,0.0,1440.0,0
25000.0,0.0,1632.0,0.0,1632.0,0
14375.0,0.0,1344.0,0.0,1344.0,0
8820.0,0.0,1869.0,561.0,1188.0,2
8163.0,0.0,1144.0,0.0,1144.0,1
14536.0,0.0,1629.0,0.0,1629.0,0
14006.0,0.0,1776.0,840.0,936.0,2
9360.0,0.0,1381.0,0.0,1381.0,0
7200.0,0.0,864.0,0.0,864.0,1
7800.0,0.0,965.0,0.0,965.0,1
7200.0,0.0,768.0,0.0,768.0,1
11075.0,400.0,1968.0,800.0,1168.0,2
9400.0,0.0,980.0,0.0,980.0,1
7136.0,0.0,1958.0,979.0,979.0,2
1300.0,0.0,1229.0,668.0,561.0,2
7420.0,0.0,1057.0,0.0,1057.0,1
8450.0,0.0,1337.0,0.0,1337.0,1
2572.0,0.0,1416.0,720.0,696.0,2
7207.0,0.0,858.0,0.0,858.0,1
12227.0,0.0,2872.0,1330.0,1542.0,5
2308.0,0.0,1548.0,744.0,804.0,2
11923.0,0.0,1800.0,0.0,1800.0,0
11316.0,0.0,1894.0,1070.0,824.0,2
10237.0,0.0,1484.0,701.0,783.0,2
9600.0,0.0,1308.0,332.0,976.0,1
7390.0,0.0,1098.0,0.0,1098.0,1
5925.0,0.0,968.0,368.0,600.0,1
10382.0,0.0,1095.0,0.0,1095.0,1
10800.0,0.0,1192.0,472.0,720.0,2
2268.0,0.0,1626.0,862.0,764.0,2
7892.0,0.0,918.0,0.0,918.0,1
11639.0,0.0,1428.0,0.0,1428.0,0
11414.0,0.0,2019.0,883.0,1136.0,5
2651.0,0.0,1382.0,709.0,673.0,2
5900.0,0.0,869.0,0.0,869.0,1
4274.0,0.0,1241.0,0.0,1241.0,1
9450.0,0.0,894.0,0.0,894.0,1
8816.0,0.0,1121.0,0.0,1121.0,1
12122.0,0.0,999.0,0.0,999.0,1
12203.0,0.0,2612.0,1336.0,1276.0,5
3182.0,0.0,1266.0,0.0,1266.0,1
11250.0,0.0,2290.0,1141.0,1149.0,5
10125.0,0.0,1734.0,432.0,1302.0,2
10880.0,0.0,1164.0,0.0,1164.0,1
5310.0,0.0,1635.0,634.0,1001.0,2
10159.0,0.0,1940.0,0.0,1940.0,0
12046.0,0.0,2030.0,912.0,1118.0,5
8125.0,0.0,1576.0,798.0,778.0,2
9452.0,0.0,2392.0,985.0,1407.0,5
17671.0,0.0,1742.0,826.0,916.0,2
9760.0,0.0,1851.0,831.0,1020.0,2
8846.0,0.0,1500.0,750.0,750.0,2
12456.0,0.0,1718.0,0.0,1718.0,0
4712.0,0.0,1230.0,456.0,774.0,2
10659.0,0.0,1050.0,0.0,1050.0,1
11717.0,0.0,1442.0,0.0,1442.0,0
9786.0,0.0,1077.0,0.0,1077.0,1
6762.0,0.0,1208.0,0.0,1208.0,1
10206.0,0.0,944.0,0.0,944.0,1
5400.0,0.0,691.0,0.0,691.0,1
11957.0,0.0,1574.0,0.0,1574.0,0
11500.0,0.0,1680.0,0.0,1680.0,0
3182.0,0.0,1504.0,0.0,1504.0,0
8385.0,0.0,985.0,0.0,985.0,1
12155.0,0.0,1657.0,0.0,1657.0,0
2217.0,0.0,1092.0,546.0,546.0,2
12118.0,0.0,1710.0,0.0,1710.0,0
6000.0,0.0,1522.0,0.0,1008.0,1
21286.0,0.0,1271.0,551.0,720.0,2
9825.0,0.0,1664.0,0.0,1664.0,0
10592.0,0.0,1502.0,602.0,900.0,2
7200.0,0.0,1022.0,0.0,1022.0,1
11664.0,0.0,1082.0,0.0,1082.0,1
8400.0,0.0,1665.0,855.0,810.0,2
11883.0,0.0,1504.0,0.0,1504.0,0
5814.0,0.0,1360.0,0.0,1360.0,1
10784.0,0.0,1472.0,670.0,802.0,2
3013.0,0.0,1506.0,0.0,1506.0,0
7024.0,0.0,1132.0,0.0,1132.0,1
7406.0,0.0,1220.0,0.0,1220.0,1
9439.0,0.0,1248.0,336.0,912.0,1
3182.0,0.0,1504.0,0.0,1504.0,0
15498.0,0.0,2898.0,0.0,2898.0,0
7700.0,0.0,882.0,0.0,882.0,1
9300.0,0.0,1264.0,0.0,1264.0,1
9520.0,0.0,1646.0,0.0,1646.0,0
9492.0,0.0,1376.0,408.0,968.0,2
1680.0,0.0,1218.0,546.0,672.0,2
7082.0,0.0,1928.0,980.0,948.0,2
15863.0,0.0,3082.0,998.0,1687.0,5
14541.0,0.0,2520.0,1168.0,1352.0,5
8125.0,0.0,1654.0,0.0,1654.0,0
6305.0,0.0,954.0,0.0,954.0,1
11500.0,0.0,845.0,0.0,845.0,1
12898.0,0.0,1620.0,0.0,1620.0,0
9240.0,0.0,2263.0,1208.0,1055.0,5
1533.0,0.0,1344.0,546.0,798.0,2
1477.0,0.0,630.0,0.0,630.0,1
13125.0,0.0,1803.0,0.0,1803.0,0
9130.0,0.0,1632.0,832.0,800.0,2
5381.0,0.0,1306.0,0.0,1306.0,1
11839.0,0.0,2329.0,797.0,1532.0,5
9600.0,0.0,2524.0,0.0,2524.0,0
13680.0,0.0,1733.0,0.0,1733.0,0
16056.0,0.0,2868.0,876.0,1992.0,5
9245.0,0.0,990.0,0.0,990.0,1
21750.0,0.0,1771.0,0.0,1771.0,0
11100.0,0.0,930.0,0.0,930.0,1
8993.0,0.0,1302.0,0.0,1302.0,1
11175.0,0.0,1316.0,0.0,1316.0,1
9500.0,0.0,1977.0,850.0,1127.0,2
8562.0,0.0,1526.0,0.0,1526.0,0
11367.0,0.0,1989.0,898.0,1091.0,2
11361.0,0.0,1523.0,0.0,1523.0,0
7052.0,0.0,1364.0,0.0,1364.0,1
29959.0,0.0,1850.0,871.0,979.0,5
11308.0,0.0,2184.0,1054.0,1130.0,5
11275.0,0.0,1991.0,895.0,1096.0,2
4920.0,0.0,1338.0,0.0,1338.0,1
18000.0,560.0,894.0,0.0,894.0,1
13600.0,0.0,2337.0,915.0,1422.0,5
6000.0,0.0,1103.0,0.0,1103.0,1
11000.0,0.0,1154.0,0.0,1154.0,1
14000.0,0.0,2260.0,954.0,1306.0,5
7837.0,0.0,1571.0,772.0,799.0,2
9760.0,0.0,1611.0,813.0,798.0,2
3964.0,0.0,2521.0,1230.0,1291.0,5
9600.0,0.0,893.0,0.0,893.0,1
10152.0,0.0,1048.0,0.0,1048.0,1
11700.0,0.0,1556.0,727.0,829.0,2
7585.0,0.0,1456.0,454.0,1002.0,2
7950.0,0.0,1426.0,728.0,698.0,2
8556.0,0.0,1240.0,0.0,1240.0,1
13125.0,0.0,1740.0,780.0,960.0,2
10800.0,500.0,1466.0,370.0,1096.0,2
15870.0,0.0,1096.0,0.0,1096.0,1
4435.0,0.0,848.0,0.0,848.0,1
8775.0,0.0,990.0,0.0,990.0,1
11040.0,0.0,1258.0,0.0,1258.0,1
7500.0,0.0,1040.0,0.0,1040.0,1
8749.0,0.0,1459.0,0.0,1459.0,0
8800.0,700.0,1251.0,0.0,1251.0,1
13031.0,0.0,1498.0,807.0,691.0,2
9069.0,0.0,996.0,0.0,996.0,1
1974.0,0.0,1092.0,546.0,546.0,2
10574.0,0.0,1953.0,871.0,1082.0,2
2522.0,0.0,1709.0,739.0,970.0,2
3316.0,0.0,1247.0,0.0,1247.0,1
8544.0,0.0,1040.0,0.0,1040.0,1
2160.0,0.0,1252.0,628.0,624.0,2
8400.0,0.0,1694.0,304.0,1390.0,0
9230.0,0.0,1200.0,0.0,1200.0,1
5868.0,0.0,936.0,0.0,936.0,1
9317.0,0.0,1314.0,0.0,1314.0,1
6882.0,0.0,1355.0,582.0,773.0,2
3696.0,0.0,1088.0,0.0,1088.0,1
6000.0,0.0,1324.0,567.0,757.0,2
11880.0,0.0,1601.0,0.0,1601.0,0
8400.0,0.0,438.0,0.0,438.0,1
9758.0,0.0,950.0,0.0,950.0,1
7000.0,0.0,1134.0,0.0,1134.0,1
8910.0,0.0,1194.0,0.0,1194.0,1
2016.0,0.0,1302.0,672.0,630.0,2
12256.0,0.0,2622.0,1122.0,1500.0,5
10357.0,0.0,1442.0,0.0,1442.0,0
23257.0,0.0,2021.0,1134.0,887.0,5
8063.0,0.0,1690.0,742.0,948.0,2
11362.0,0.0,1836.0,0.0,1836.0,0
8000.0,0.0,1658.0,885.0,773.0,2
10480.0,0.0,1964.0,866.0,1098.0,2
7100.0,0.0,816.0,0.0,816.0,1
8923.0,0.0,1008.0,0.0,1008.0,1
5400.0,0.0,833.0,0.0,833.0,1
12085.0,0.0,1734.0,0.0,1734.0,0
7750.0,0.0,1419.0,640.0,779.0,2
9764.0,0.0,894.0,0.0,894.0,1
13825.0,0.0,1601.0,580.0,1021.0,2
7560.0,0.0,1040.0,0.0,1040.0,1
8263.0,0.0,1012.0,0.0,1012.0,1
10084.0,0.0,1552.0,0.0,1552.0,0
8926.0,0.0,960.0,0.0,960.0,1
9405.0,0.0,698.0,0.0,698.0,1
9125.0,0.0,1482.0,670.0,812.0,2
10434.0,0.0,1005.0,0.0,1005.0,1
3684.0,0.0,1555.0,0.0,1555.0,0
14572.0,0.0,1530.0,0.0,1530.0,0
11796.0,0.0,1959.0,1112.0,847.0,2
7200.0,0.0,936.0,0.0,936.0,1
7804.0,0.0,1981.0,653.0,1328.0,2
10712.0,0.0,974.0,0.0,974.0,1
9900.0,0.0,2210.0,1032.0,1178.0,5
9828.0,0.0,2020.0,878.0,1142.0,5
8773.0,0.0,1600.0,684.0,916.0,2
6180.0,0.0,986.0,0.0,986.0,1
9600.0,0.0,1252.0,220.0,1032.0,1
6342.0,0.0,1020.0,240.0,780.0,1
9819.0,0.0,1567.0,0.0,1567.0,0
8731.0,0.0,1167.0,0.0,1167.0,1
7350.0,0.0,952.0,0.0,952.0,1
10304.0,0.0,1868.0,780.0,1088.0,2
9965.0,0.0,2828.0,1362.0,1466.0,5
9000.0,0.0,1006.0,0.0,1006.0,1
12180.0,0.0,924.0,252.0,672.0,1
6240.0,0.0,1576.0,534.0,1042.0,2
11200.0,0.0,1298.0,0.0,1298.0,1
12000.0,0.0,1564.0,704.0,860.0,2
5700.0,0.0,1111.0,539.0,572.0,2
9000.0,0.0,1482.0,650.0,832.0,2
8280.0,0.0,932.0,0.0,932.0,1
17755.0,0.0,1466.0,0.0,1466.0,0
14115.0,0.0,1811.0,0.0,1811.0,0
5890.0,0.0,816.0,0.0,816.0,1
13700.0,0.0,1820.0,918.0,902.0,2
10768.0,0.0,1437.0,0.0,1437.0,0
9350.0,0.0,1265.0,0.0,1265.0,1
5001.0,0.0,1314.0,0.0,1314.0,1
11932.0,0.0,1580.0,0.0,1580.0,0
9120.0,0.0,1876.0,933.0,943.0,2
2280.0,0.0,1456.0,601.0,855.0,2
14778.0,0.0,1640.0,0.0,1640.0,0
8724.0,0.0,894.0,0.0,894.0,1
12900.0,0.0,1258.0,0.0,1258.0,1
16157.0,0.0,1432.0,0.0,1432.0,0
9541.0,0.0,1502.0,0.0,1502.0,0
10475.0,0.0,1694.0,0.0,1694.0,0
10852.0,0.0,1671.0,712.0,959.0,2
13728.0,0.0,2108.0,872.0,1236.0,5
35760.0,0.0,3627.0,1796.0,1831.0,5
9880.0,0.0,1118.0,0.0,1118.0,1
9120.0,1400.0,1261.0,0.0,1261.0,1
4017.0,0.0,1250.0,625.0,625.0,2
18030.0,0.0,3086.0,971.0,1636.0,5
16560.0,0.0,2345.0,1175.0,1170.0,5
10678.0,0.0,2872.0,743.0,2129.0,5
6951.0,0.0,923.0,0.0,923.0,1
3950.0,0.0,1224.0,406.0,818.0,2
7681.0,0.0,1343.0,523.0,820.0,2
8335.0,0.0,1124.0,0.0,1124.0,1
11170.0,0.0,2514.0,1216.0,1298.0,5
5587.0,0.0,1652.0,0.0,1652.0,0
15623.0,0.0,4476.0,2065.0,2411.0,5
10800.0,0.0,1130.0,0.0,1130.0,1
35133.0,0.0,1572.0,0.0,1572.0,0
9738.0,0.0,1221.0,272.0,949.0,1
10615.0,0.0,1699.0,685.0,1014.0,2
12461.0,0.0,1624.0,0.0,1624.0,0
8935.0,0.0,1660.0,829.0,831.0,2
7500.0,0.0,1804.0,776.0,1028.0,2
32463.0,0.0,1622.0,0.0,1622.0,0
2645.0,0.0,1441.0,677.0,764.0,2
9600.0,0.0,1472.0,630.0,842.0,2
4500.0,0.0,1224.0,0.0,1224.0,1
9364.0,0.0,1352.0,689.0,663.0,2
8029.0,0.0,1456.0,728.0,728.0,2
14054.0,0.0,1863.0,984.0,879.0,2
8850.0,0.0,1690.0,875.0,815.0,2
9100.0,0.0,1212.0,0.0,1212.0,1
11235.0,0.0,1382.0,0.0,1382.0,0
9353.0,0.0,864.0,0.0,864.0,1
10400.0,0.0,1779.0,913.0,866.0,2
6000.0,0.0,1348.0,464.0,884.0,2
9750.0,0.0,1630.0,0.0,1630.0,0
10140.0,0.0,1074.0,0.0,1074.0,1
14684.0,0.0,2196.0,0.0,2196.0,0
8900.0,0.0,1056.0,0.0,1056.0,1
9135.0,0.0,1700.0,0.0,1700.0,0
7763.0,0.0,1283.0,0.0,1283.0,1
10182.0,0.0,1660.0,0.0,1660.0,0
11218.0,400.0,1845.0,790.0,1055.0,2
12134.0,0.0,1752.0,672.0,1080.0,2
9340.0,0.0,672.0,0.0,672.0,1
10246.0,0.0,960.0,0.0,960.0,1
10205.0,0.0,999.0,0.0,999.0,1
7094.0,0.0,894.0,0.0,894.0,1
8930.0,0.0,1902.0,584.0,1318.0,2
8640.0,0.0,1314.0,0.0,1314.0,1
6240.0,0.0,912.0,240.0,672.0,1
1680.0,0.0,1218.0,546.0,672.0,2
7800.0,0.0,912.0,0.0,912.0,1
8250.0,0.0,1211.0,0.0,1211.0,1
10496.0,0.0,1846.0,678.0,1168.0,2
10680.0,0.0,2136.0,0.0,2136.0,0
15384.0,0.0,1490.0,702.0,788.0,2
10482.0,0.0,1138.0,0.0,1138.0,1
14598.0,0.0,1933.0,1039.0,894.0,2
8872.0,0.0,912.0,0.0,912.0,1
8769.0,0.0,1702.0,0.0,1702.0,0
7910.0,0.0,1507.0,0.0,1507.0,0
18890.0,8300.0,2620.0,1259.0,1361.0,4
7728.0,0.0,1190.0,0.0,1190.0,1
9842.0,0.0,1224.0,0.0,1224.0,1
12160.0,0.0,1188.0,0.0,1188.0,1
8525.0,0.0,1964.0,940.0,1024.0,2
13132.0,0.0,1784.0,892.0,892.0,2
2628.0,0.0,1626.0,862.0,764.0,2
12393.0,0.0,1948.0,1101.0,847.0,2
13072.0,0.0,1141.0,0.0,1141.0,1
9037.0,0.0,1484.0,0.0,1484.0,0
8158.0,0.0,1768.0,884.0,884.0,2
9849.0,0.0,1689.0,0.0,1689.0,0
10625.0,0.0,1173.0,0.0,1173.0,1
13891.0,0.0,2076.0,0.0,2076.0,0
11435.0,0.0,1517.0,725.0,792.0,2
12090.0,0.0,1868.0,728.0,1140.0,2
8125.0,0.0,1553.0,797.0,756.0,2
12328.0,0.0,1034.0,0.0,1034.0,1
9600.0,0.0,2058.0,924.0,1134.0,5
7200.0,0.0,988.0,0.0,988.0,1
11160.0,0.0,2110.0,0.0,2110.0,0
3136.0,0.0,1405.0,0.0,1405.0,1
9858.0,600.0,874.0,0.0,874.0,1
17542.0,0.0,2167.0,651.0,1516.0,5
6931.0,0.0,1656.0,896.0,760.0,2
6240.0,0.0,1367.0,408.0,959.0,2
14303.0,0.0,1987.0,0.0,1987.0,0
4060.0,0.0,864.0,0.0,864.0,1
9587.0,0.0,1166.0,0.0,1166.0,1
9750.0,0.0,1054.0,0.0,1054.0,1
24682.0,0.0,1675.0,783.0,892.0,2
9600.0,0.0,1050.0,0.0,1050.0,1
11250.0,0.0,1788.0,684.0,1104.0,2
13515.0,0.0,1824.0,764.0,1060.0,2
4060.0,0.0,1337.0,0.0,1337.0,1
3735.0,0.0,1452.0,739.0,713.0,2
10120.0,0.0,1889.0,925.0,964.0,2
13214.0,0.0,2018.0,0.0,2018.0,0
14100.0,0.0,3447.0,1479.0,1968.0,5
11344.0,0.0,1524.0,650.0,874.0,2
23595.0,0.0,1524.0,192.0,1332.0,0
9156.0,0.0,1489.0,0.0,1489.0,0
13526.0,0.0,935.0,0.0,935.0,1
11512.0,0.0,1357.0,0.0,1357.0,0
5362.0,0.0,1250.0,589.0,661.0,2
11345.0,0.0,1920.0,992.0,928.0,2
12936.0,0.0,1395.0,660.0,735.0,2
17871.0,0.0,1724.0,0.0,1724.0,0
9473.0,0.0,2031.0,903.0,1128.0,5
7500.0,0.0,1128.0,430.0,698.0,2
9808.0,0.0,1573.0,0.0,1573.0,0
8049.0,0.0,1339.0,0.0,1339.0,1
8800.0,0.0,1040.0,0.0,1040.0,1
9400.0,0.0,1824.0,912.0,912.0,2
9638.0,0.0,2447.0,748.0,1699.0,5
6000.0,0.0,1412.0,587.0,825.0,2
9790.0,0.0,1328.0,0.0,1328.0,1
36500.0,0.0,1582.0,0.0,1582.0,0
5664.0,0.0,1659.0,0.0,1659.0,0
11065.0,0.0,1970.0,850.0,1120.0,2
14112.0,0.0,1152.0,0.0,1152.0,1
1680.0,0.0,1302.0,672.0,630.0,2
6600.0,0.0,2372.0,994.0,1378.0,5
10140.0,0.0,1664.0,832.0,832.0,2
8172.0,0.0,864.0,0.0,864.0,1
8400.0,0.0,1052.0,0.0,1052.0,1
8700.0,0.0,1128.0,0.0,1128.0,1
3675.0,0.0,1072.0,0.0,1072.0,1
63887.0,0.0,5642.0,950.0,4692.0,5
7500.0,0.0,1246.0,0.0,1246.0,1
10762.0,0.0,1983.0,978.0,1005.0,2
7500.0,0.0,1494.0,741.0,753.0,2
10120.0,0.0,2526.0,1323.0,1203.0,5
8688.0,0.0,1616.0,0.0,1616.0,0
3363.0,0.0,1708.0,732.0,976.0,2
13173.0,0.0,1652.0,0.0,1652.0,0
6955.0,0.0,1368.0,0.0,1368.0,1
8072.0,0.0,990.0,0.0,990.0,1
12000.0,0.0,1122.0,0.0,1122.0,1
7153.0,0.0,1294.0,0.0,1294.0,1
17500.0,0.0,1902.0,0.0,1902.0,0
8814.0,0.0,1274.0,0.0,1274.0,1
9572.0,0.0,2810.0,1357.0,1453.0,5
14774.0,0.0,2599.0,1177.0,1422.0,5
8190.0,0.0,948.0,0.0,948.0,1
11075.0,0.0,2112.0,1020.0,1092.0,5
10226.0,0.0,1630.0,0.0,1630.0,0
4230.0,0.0,1352.0,0.0,1352.0,1
14781.0,0.0,1787.0,0.0,1787.0,0
10215.0,0.0,948.0,0.0,948.0,1
8400.0,0.0,1478.0,0.0,1478.0,0
6627.0,0.0,720.0,0.0,720.0,1
10186.0,0.0,1923.0,862.0,1061.0,2
5330.0,0.0,708.0,0.0,708.0,1
9986.0,0.0,1795.0,0.0,1795.0,0
3636.0,0.0,796.0,0.0,796.0,1
4270.0,0.0,774.0,0.0,774.0,1
6600.0,0.0,816.0,0.0,816.0,1
10440.0,1150.0,2792.0,1208.0,1584.0,5
9084.0,0.0,1632.0,677.0,955.0,2
10000.0,0.0,1588.0,0.0,1588.0,0
10780.0,0.0,954.0,0.0,954.0,1
8877.0,0.0,816.0,0.0,816.0,1
7200.0,0.0,1360.0,557.0,803.0,2
2368.0,0.0,1365.0,600.0,765.0,2
9650.0,0.0,1334.0,0.0,1334.0,1
9246.0,0.0,1656.0,0.0,1656.0,0
4118.0,0.0,693.0,0.0,693.0,1
13450.0,0.0,1861.0,941.0,920.0,2
9560.0,0.0,864.0,0.0,864.0,1
8294.0,0.0,872.0,0.0,872.0,1
13695.0,0.0,1114.0,0.0,1114.0,1
9375.0,0.0,2169.0,885.0,1284.0,5
7558.0,0.0,1913.0,741.0,1172.0,2
11103.0,0.0,1456.0,728.0,728.0,2
6000.0,0.0,960.0,0.0,960.0,1
20781.0,0.0,2156.0,0.0,2156.0,0
15306.0,0.0,1776.0,0.0,1776.0,0
16196.0,0.0,1494.0,0.0,1494.0,0
5250.0,0.0,2358.0,1215.0,938.0,5
11643.0,0.0,2634.0,1296.0,1338.0,5
9247.0,0.0,1716.0,858.0,858.0,2
6000.0,0.0,1176.0,390.0,786.0,2
14720.0,0.0,3238.0,1185.0,2053.0,5
10316.0,0.0,1865.0,873.0,992.0,2
10192.0,0.0,1920.0,698.0,1222.0,2
9477.0,0.0,892.0,0.0,892.0,1
12537.0,0.0,1078.0,0.0,1078.0,1
2117.0,0.0,1573.0,804.0,769.0,2
16737.0,0.0,1980.0,0.0,1980.0,0
9842.0,0.0,2601.0,1611.0,990.0,5
16158.0,0.0,1530.0,0.0,1530.0,0
12513.0,0.0,1738.0,457.0,1281.0,2
8499.0,0.0,1412.0,796.0,616.0,2
3180.0,0.0,1200.0,600.0,520.0,2
7500.0,0.0,1674.0,860.0,814.0,2
9179.0,0.0,1790.0,908.0,882.0,2
2665.0,0.0,1475.0,550.0,925.0,2
4435.0,0.0,848.0,0.0,848.0,1
10635.0,0.0,1668.0,0.0,1668.0,0
5400.0,0.0,1374.0,534.0,840.0,2
9600.0,0.0,1661.0,0.0,1661.0,0
9750.0,0.0,2097.0,989.0,1108.0,5
11400.0,0.0,2633.0,0.0,2633.0,0
10625.0,0.0,1958.0,932.0,1026.0,2
10991.0,0.0,1571.0,0.0,1571.0,0
6292.0,0.0,790.0,0.0,790.0,1
10998.0,0.0,1604.0,620.0,984.0,2
1953.0,0.0,987.0,504.0,483.0,2
9735.0,0.0,1394.0,640.0,754.0,2
8212.0,0.0,864.0,0.0,864.0,1
12925.0,0.0,2117.0,0.0,2117.0,0
7200.0,0.0,1762.0,764.0,998.0,2
25339.0,0.0,1416.0,0.0,1416.0,0
9060.0,0.0,1258.0,560.0,698.0,2
5436.0,0.0,1154.0,358.0,796.0,1
16692.0,2000.0,2784.0,1392.0,1392.0,5
8520.0,0.0,2526.0,862.0,1664.0,5
14892.0,0.0,1746.0,0.0,1746.0,0
6000.0,0.0,1218.0,349.0,869.0,1
9100.0,0.0,1525.0,0.0,1525.0,0
8944.0,0.0,1584.0,0.0,1584.0,0
7838.0,0.0,900.0,0.0,900.0,1
10800.0,0.0,1912.0,691.0,1221.0,2
4045.0,0.0,1500.0,0.0,1500.0,0
12665.0,0.0,2482.0,1349.0,1133.0,5
57200.0,0.0,1687.0,0.0,1687.0,0
6120.0,0.0,1513.0,574.0,939.0,2
7200.0,0.0,1904.0,768.0,1136.0,2
6171.0,0.0,1608.0,448.0,1160.0,2
6000.0,0.0,1158.0,208.0,950.0,1
7415.0,0.0,1593.0,729.0,864.0,2
6762.0,0.0,1294.0,0.0,1294.0,1
15256.0,0.0,1464.0,0.0,1464.0,0
10410.0,0.0,1214.0,520.0,694.0,2
3842.0,0.0,1646.0,0.0,1646.0,0
8445.0,0.0,768.0,0.0,768.0,1
8780.0,0.0,833.0,0.0,833.0,1
7740.0,0.0,1363.0,622.0,741.0,2
20544.0,0.0,2093.0,857.0,1236.0,5
12420.0,0.0,1840.0,896.0,944.0,2
9600.0,0.0,1668.0,556.0,1112.0,2
7200.0,0.0,1040.0,0.0,1040.0,1
10994.0,0.0,1844.0,0.0,1844.0,0
13053.0,0.0,1848.0,795.0,1053.0,2
3635.0,0.0,1569.0,0.0,1569.0,0
11340.0,0.0,2290.0,1044.0,1246.0,5
16545.0,0.0,2450.0,1140.0,1310.0,5
9204.0,0.0,1144.0,0.0,1144.0,1
16381.0,0.0,1844.0,0.0,1844.0,0
11700.0,0.0,1416.0,708.0,708.0,2
4043.0,0.0,1069.0,0.0,1069.0,1
4435.0,0.0,848.0,0.0,848.0,1
19690.0,0.0,2201.0,626.0,1575.0,5
9503.0,0.0,1344.0,0.0,1344.0,1
10721.0,0.0,1252.0,0.0,1252.0,1
10944.0,0.0,2127.0,904.0,1223.0,5
10930.0,0.0,1558.0,510.0,1048.0,2
7200.0,0.0,804.0,0.0,804.0,1
12546.0,0.0,1440.0,0.0,1440.0,0
21930.0,0.0,1838.0,1104.0,734.0,2
4928.0,0.0,958.0,0.0,958.0,1
10800.0,0.0,968.0,0.0,968.0,1
10261.0,0.0,1792.0,830.0,962.0,2
17400.0,0.0,1126.0,0.0,1126.0,1
8400.0,0.0,1537.0,0.0,1537.0,0
9000.0,0.0,864.0,0.0,864.0,1
12444.0,0.0,1932.0,0.0,1932.0,0
7407.0,0.0,1236.0,0.0,1236.0,1
11584.0,0.0,1725.0,685.0,1040.0,2
11526.0,0.0,2555.0,748.0,1423.0,5
4426.0,0.0,848.0,0.0,848.0,1
11003.0,0.0,2007.0,981.0,1026.0,2
8854.0,0.0,952.0,0.0,952.0,1
8500.0,0.0,1422.0,0.0,1422.0,0
8400.0,0.0,913.0,0.0,913.0,1
26142.0,0.0,1188.0,0.0,1188.0,1
10000.0,0.0,2090.0,870.0,1220.0,5
11767.0,0.0,1346.0,550.0,796.0,2
1533.0,0.0,630.0,0.0,630.0,1
9000.0,0.0,1792.0,896.0,896.0,2
9262.0,0.0,1578.0,0.0,1578.0,0
3675.0,0.0,1072.0,0.0,1072.0,1
17217.0,0.0,1140.0,0.0,1140.0,1
7500.0,0.0,1221.0,0.0,1221.0,1
7917.0,0.0,1647.0,694.0,953.0,2
13175.0,0.0,2073.0,0.0,2073.0,0
9042.0,2500.0,2340.0,1152.0,1188.0,5
9717.0,0.0,1078.0,0.0,1078.0,1
9937.0,0.0,1256.0,0.0,1256.0,1
11622.0,0.0,896.0,0.0,896.0,1
14267.0,12500.0,1329.0,0.0,1329.0,4
13830.0,0.0,1629.0,701.0,928.0,2
9978.0,0.0,1604.0,678.0,926.0,2
5005.0,0.0,1280.0,0.0,1280.0,1
10000.0,0.0,1655.0,892.0,763.0,2
7980.0,500.0,1187.0,0.0,1187.0,1
8402.0,0.0,1465.0,676.0,789.0,2
10176.0,0.0,1341.0,0.0,1341.0,1
8400.0,0.0,882.0,0.0,882.0,1
5858.0,0.0,1337.0,0.0,1337.0,1
1680.0,0.0,987.0,504.0,483.0,2
1680.0,0.0,1092.0,567.0,525.0,2
2280.0,0.0,1456.0,601.0,855.0,2
2280.0,0.0,836.0,0.0,836.0,1
12858.0,0.0,2334.0,707.0,1627.0,5
12883.0,0.0,1544.0,0.0,1544.0,0
11520.0,0.0,1698.0,0.0,1698.0,0
14122.0,0.0,1822.0,0.0,1822.0,0
14300.0,0.0,2696.0,0.0,2696.0,0
13650.0,0.0,2250.0,563.0,1687.0,5
7132.0,0.0,1370.0,0.0,1370.0,1
18494.0,0.0,1324.0,0.0,1324.0,0
3203.0,0.0,1145.0,0.0,1145.0,1
13300.0,0.0,1374.0,630.0,744.0,2
8577.0,0.0,1733.0,886.0,847.0,2
17433.0,0.0,2475.0,830.0,1645.0,5
8987.0,0.0,1595.0,0.0,1595.0,0
9215.0,0.0,1218.0,0.0,1218.0,1
10440.0,0.0,1468.0,0.0,1468.0,0
11920.0,0.0,1659.0,828.0,831.0,2
9800.0,0.0,1012.0,0.0,1012.0,1
15410.0,0.0,1494.0,0.0,1494.0,0
13143.0,0.0,2349.0,1098.0,1251.0,5
11134.0,0.0,2225.0,823.0,1402.0,5
4835.0,0.0,1488.0,0.0,1488.0,0
3515.0,0.0,1680.0,840.0,840.0,2
3215.0,0.0,1200.0,600.0,600.0,2
2544.0,0.0,1200.0,600.0,600.0,2
2544.0,0.0,1236.0,636.0,600.0,2
2980.0,0.0,1512.0,756.0,756.0,2
2403.0,0.0,1080.0,550.0,530.0,2
12853.0,0.0,1418.0,0.0,1418.0,0
7379.0,0.0,1848.0,873.0,975.0,2
8000.0,0.0,1492.0,0.0,1492.0,0
10456.0,0.0,1829.0,0.0,1829.0,0
10791.0,0.0,2495.0,1215.0,1280.0,5
18837.0,0.0,1891.0,604.0,1287.0,5
9600.0,0.0,1645.0,715.0,930.0,2
9600.0,0.0,1232.0,0.0,1232.0,1
9900.0,0.0,1209.0,0.0,1209.0,1
9680.0,0.0,1510.0,0.0,1510.0,0
10600.0,0.0,1775.0,644.0,1131.0,2
13260.0,0.0,1728.0,0.0,1728.0,0
9724.0,0.0,2461.0,532.0,1929.0,5
17360.0,0.0,1556.0,537.0,1019.0,2
11380.0,1500.0,1128.0,0.0,1128.0,1
8267.0,0.0,1604.0,0.0,1604.0,0
8197.0,300.0,1480.0,0.0,1480.0,0
8050.0,0.0,1143.0,0.0,1143.0,1
10725.0,0.0,1206.0,0.0,1206.0,1
10032.0,0.0,1580.0,0.0,1580.0,0
8382.0,0.0,1337.0,505.0,832.0,2
10950.0,0.0,1064.0,0.0,1064.0,1
10895.0,0.0,972.0,0.0,972.0,1
13587.0,0.0,988.0,0.0,988.0,1
7898.0,0.0,985.0,0.0,985.0,1
8064.0,0.0,1224.0,408.0,816.0,2
7635.0,0.0,1175.0,0.0,1175.0,1
9760.0,0.0,1395.0,0.0,1395.0,0
4800.0,0.0,1844.0,687.0,1157.0,2
4485.0,0.0,936.0,0.0,936.0,1
5805.0,0.0,1347.0,0.0,1347.0,1
6900.0,0.0,1251.0,424.0,827.0,2
11851.0,0.0,1633.0,606.0,1027.0,2
8239.0,0.0,1245.0,185.0,1060.0,1
9656.0,0.0,832.0,0.0,832.0,1
9600.0,0.0,1566.0,636.0,930.0,2
9000.0,0.0,2268.0,1111.0,1157.0,5
9045.0,0.0,2256.0,1128.0,1128.0,5
10560.0,0.0,1470.0,602.0,868.0,2
5830.0,0.0,1612.0,582.0,1030.0,2
7793.0,0.0,2068.0,908.0,1160.0,5
5000.0,0.0,765.0,0.0,765.0,1
6000.0,0.0,1132.0,524.0,608.0,2
6000.0,0.0,1196.0,348.0,848.0,1
6360.0,0.0,1453.0,498.0,955.0,2
6000.0,0.0,1416.0,636.0,780.0,2
6240.0,0.0,1040.0,492.0,548.0,2
6240.0,0.0,1536.0,608.0,928.0,2
6120.0,0.0,1068.0,0.0,1068.0,1
8094.0,0.0,1962.0,1074.0,888.0,2
12900.0,0.0,1560.0,780.0,780.0,2
3068.0,0.0,1324.0,662.0,662.0,2
15263.0,0.0,1675.0,0.0,1675.0,0
10632.0,0.0,1224.0,499.0,725.0,2
9900.0,0.0,1392.0,180.0,1212.0,1
6001.0,0.0,919.0,319.0,600.0,1
6449.0,0.0,1884.0,942.0,942.0,2
6048.0,0.0,1680.0,744.0,936.0,2
10773.0,0.0,1832.0,0.0,1832.0,0
7800.0,0.0,892.0,0.0,892.0,1
7832.0,0.0,864.0,0.0,864.0,1
7424.0,0.0,1373.0,0.0,1373.0,1
11227.0,0.0,1440.0,720.0,720.0,2
20062.0,0.0,1483.0,0.0,1483.0,0
9259.0,0.0,756.0,0.0,756.0,1
17082.0,0.0,1981.0,864.0,1117.0,5
18600.0,450.0,1610.0,558.0,1052.0,2
11479.0,0.0,1074.0,0.0,1074.0,1
9350.0,0.0,1531.0,0.0,1169.0,1
9525.0,0.0,1172.0,0.0,1172.0,1
17485.0,0.0,1508.0,0.0,1508.0,0
11200.0,0.0,1298.0,0.0,1298.0,1
11980.0,0.0,1433.0,0.0,1433.0,0
12361.0,0.0,1802.0,838.0,964.0,2
7360.0,0.0,1222.0,0.0,1222.0,1
14235.0,0.0,1445.0,614.0,831.0,2
11105.0,0.0,965.0,0.0,965.0,1
9337.0,0.0,1692.0,800.0,892.0,2
15240.0,0.0,1026.0,0.0,1026.0,1
7480.0,0.0,876.0,0.0,876.0,1
10389.0,0.0,1978.0,0.0,1978.0,0
9375.0,0.0,2098.0,1054.0,1044.0,5
4435.0,0.0,848.0,0.0,848.0,1
8777.0,0.0,640.0,0.0,640.0,1
8842.0,0.0,992.0,0.0,992.0,1
10044.0,0.0,1196.0,0.0,1196.0,1
11792.0,0.0,1120.0,328.0,792.0,1
6305.0,0.0,1096.0,0.0,1096.0,1
6410.0,0.0,960.0,0.0,960.0,1
4853.0,0.0,1296.0,0.0,1296.0,1
7890.0,0.0,856.0,0.0,856.0,1
7200.0,500.0,2650.0,1788.0,862.0,5
9839.0,0.0,1666.0,772.0,894.0,2
10452.0,0.0,2133.0,908.0,1225.0,5
15600.0,0.0,2177.0,1075.0,1102.0,5
19645.0,0.0,1652.0,756.0,896.0,2
3907.0,0.0,1034.0,0.0,1034.0,1
3907.0,0.0,1191.0,0.0,1191.0,1
8154.0,0.0,540.0,0.0,540.0,1
9140.0,0.0,1107.0,380.0,727.0,1
8712.0,0.0,952.0,0.0,952.0,1
3811.0,0.0,1646.0,0.0,1646.0,0
11050.0,0.0,1916.0,880.0,1036.0,2
9620.0,80.0,1285.0,0.0,1285.0,1
12760.0,0.0,2048.0,0.0,2048.0,0
11896.0,0.0,1346.0,0.0,1346.0,1
9803.0,0.0,1214.0,0.0,1214.0,1
9802.0,0.0,1444.0,700.0,744.0,2
15300.0,0.0,1264.0,0.0,1264.0,1
10114.0,0.0,1430.0,0.0,1430.0,0
11875.0,0.0,1344.0,0.0,1344.0,1
2394.0,0.0,945.0,0.0,945.0,1
1476.0,0.0,1092.0,546.0,546.0,2
1900.0,0.0,1092.0,546.0,546.0,2
1890.0,0.0,1092.0,546.0,546.0,2
6953.0,0.0,874.0,0.0,874.0,1
12887.0,0.0,833.0,0.0,833.0,1
7700.0,600.0,2432.0,1216.0,1216.0,5
10475.0,0.0,1274.0,650.0,624.0,2
10544.0,0.0,1479.0,615.0,864.0,2
9892.0,0.0,1803.0,0.0,1803.0,0
12961.0,0.0,1797.0,645.0,1152.0,2
13008.0,0.0,882.0,0.0,882.0,1
10200.0,0.0,1434.0,0.0,1434.0,0
10179.0,0.0,1608.0,663.0,945.0,2
11792.0,0.0,2283.0,1275.0,1008.0,5
8400.0,490.0,1628.0,670.0,958.0,2
7296.0,0.0,2522.0,0.0,2522.0,0
7380.0,0.0,1478.0,0.0,1478.0,0
8013.0,0.0,1734.0,0.0,1734.0,0
8923.0,0.0,1382.0,631.0,751.0,2
7500.0,0.0,1636.0,684.0,952.0,2
8803.0,0.0,1516.0,809.0,707.0,2
7250.0,0.0,1190.0,0.0,1190.0,1
11900.0,0.0,1934.0,988.0,946.0,2
13250.0,0.0,2050.0,896.0,1154.0,5
10928.0,0.0,1671.0,0.0,1671.0,0
12388.0,0.0,2673.0,1134.0,1539.0,5
11088.0,0.0,1707.0,0.0,1707.0,0
7000.0,0.0,1884.0,868.0,1016.0,2
7500.0,0.0,1874.0,816.0,1058.0,2
8470.0,0.0,1811.0,839.0,972.0,2
9373.0,0.0,1621.0,0.0,1621.0,0
10140.0,0.0,1116.0,0.0,1116.0,1
11050.0,0.0,1193.0,0.0,1193.0,1
7830.0,0.0,1180.0,0.0,1180.0,1
8510.0,0.0,1050.0,0.0,1050.0,1
7038.0,0.0,864.0,0.0,864.0,1
9000.0,0.0,864.0,0.0,864.0,1
1680.0,0.0,987.0,504.0,483.0,2
1680.0,0.0,987.0,504.0,483.0,2
2308.0,0.0,1548.0,744.0,804.0,2
2280.0,0.0,1055.0,0.0,1055.0,1
2349.0,0.0,1456.0,601.0,855.0,2
2364.0,0.0,1548.0,744.0,804.0,2
2364.0,0.0,1456.0,601.0,855.0,2
2104.0,0.0,836.0,0.0,836.0,1
10710.0,1200.0,1120.0,0.0,1120.0,1
14257.0,0.0,2772.0,978.0,1794.0,5
12350.0,0.0,2690.0,1325.0,1365.0,5
12350.0,0.0,2020.0,0.0,2020.0,0
13693.0,0.0,2674.0,0.0,2674.0,0
11578.0,0.0,1736.0,0.0,1736.0,0
16870.0,0.0,1782.0,0.0,1782.0,0
23303.0,0.0,2520.0,1012.0,1508.0,5
10367.0,0.0,1743.0,0.0,1743.0,0
10872.0,0.0,1531.0,0.0,1531.0,0
13514.0,0.0,1808.0,0.0,1808.0,0
12878.0,0.0,1760.0,0.0,1760.0,0
15274.0,0.0,2452.0,0.0,2452.0,0
13262.0,0.0,2400.0,1295.0,1105.0,5
9658.0,0.0,1606.0,0.0,1606.0,0
6904.0,0.0,1358.0,0.0,1358.0,1
5122.0,0.0,1306.0,0.0,1306.0,1
10307.0,0.0,1358.0,0.0,1358.0,1
14836.0,0.0,2492.0,0.0,2492.0,0
15262.0,0.0,2200.0,0.0,2200.0,0
7390.0,0.0,1884.0,0.0,1884.0,0
6472.0,0.0,1456.0,0.0,1456.0,0
16770.0,0.0,1712.0,0.0,1712.0,0
3480.0,0.0,1405.0,0.0,1405.0,1
10928.0,0.0,1456.0,728.0,728.0,2
8918.0,0.0,1490.0,745.0,745.0,2
3182.0,0.0,1220.0,0.0,1220.0,1
9434.0,0.0,1374.0,630.0,744.0,2
7984.0,0.0,1630.0,762.0,868.0,2
10125.0,0.0,1594.0,748.0,846.0,2
8965.0,0.0,1489.0,683.0,806.0,2
8174.0,0.0,1342.0,644.0,698.0,2
12891.0,0.0,2004.0,1126.0,878.0,2
9734.0,0.0,1374.0,630.0,744.0,2
8433.0,0.0,1514.0,695.0,819.0,2
7750.0,0.0,1430.0,656.0,774.0,2
15896.0,0.0,2312.0,1089.0,1223.0,5
7848.0,0.0,1430.0,656.0,774.0,2
12720.0,0.0,2687.0,1221.0,1466.0,5
10750.0,0.0,2063.0,0.0,2063.0,0
9085.0,0.0,2061.0,967.0,1094.0,5
11692.0,0.0,2232.0,1017.0,1215.0,5
11194.0,0.0,1696.0,0.0,1696.0,0
10206.0,0.0,1658.0,0.0,1658.0,0
10130.0,0.0,1702.0,0.0,1702.0,0
9139.0,0.0,1432.0,0.0,1432.0,0
11128.0,0.0,2490.0,0.0,2490.0,0
7993.0,0.0,1436.0,0.0,1436.0,0
8640.0,0.0,1402.0,0.0,1402.0,0
12606.0,0.0,1530.0,0.0,1530.0,0
7500.0,0.0,1448.0,0.0,1448.0,0
10603.0,0.0,1795.0,886.0,909.0,2
8125.0,0.0,1836.0,0.0,1836.0,0
10625.0,0.0,1662.0,0.0,1662.0,0
8736.0,0.0,1553.0,0.0,1553.0,0
8127.0,0.0,1653.0,841.0,812.0,2
9605.0,0.0,1218.0,0.0,1218.0,1
7500.0,0.0,1141.0,0.0,1141.0,1
7500.0,0.0,1158.0,0.0,1158.0,1
10628.0,0.0,1812.0,941.0,871.0,2
10141.0,0.0,1512.0,0.0,1512.0,0
13072.0,0.0,1114.0,0.0,1114.0,1
13072.0,0.0,1114.0,0.0,1114.0,1
12450.0,0.0,1114.0,0.0,1114.0,1
7328.0,0.0,1450.0,0.0,1450.0,0
11492.0,0.0,2122.0,1209.0,913.0,5
7703.0,0.0,1730.0,897.0,833.0,2
7175.0,0.0,1332.0,0.0,1332.0,1
9109.0,0.0,1540.0,786.0,754.0,2
10274.0,0.0,1400.0,702.0,698.0,2
8250.0,0.0,1882.0,918.0,964.0,2
9750.0,0.0,980.0,0.0,980.0,1
8499.0,0.0,864.0,0.0,864.0,1
9079.0,0.0,864.0,0.0,864.0,1
9316.0,0.0,1020.0,0.0,1020.0,1
7791.0,0.0,912.0,0.0,912.0,1
7150.0,0.0,912.0,0.0,912.0,1
15676.0,0.0,2014.0,0.0,2014.0,0
11949.0,0.0,1755.0,780.0,975.0,2
2880.0,0.0,3005.0,1629.0,1376.0,5
3830.0,0.0,1726.0,0.0,1726.0,0
4217.0,0.0,1256.0,0.0,1256.0,1
2998.0,0.0,1512.0,756.0,756.0,2
3768.0,0.0,1452.0,739.0,713.0,2
14694.0,0.0,1694.0,0.0,1694.0,0
15417.0,0.0,1740.0,0.0,1740.0,0
9600.0,0.0,2499.0,1012.0,1487.0,5
12732.0,0.0,2067.0,782.0,1285.0,5
10400.0,0.0,2640.0,1369.0,1271.0,5
9600.0,650.0,1336.0,0.0,1336.0,1
9000.0,0.0,1216.0,0.0,1216.0,1
13774.0,0.0,2288.0,972.0,1316.0,5
7130.0,0.0,864.0,0.0,864.0,1
9600.0,0.0,1568.0,0.0,1568.0,0
9600.0,0.0,2061.0,896.0,1165.0,5
16500.0,0.0,1320.0,0.0,1320.0,0
7436.0,0.0,894.0,0.0,894.0,1
8125.0,0.0,864.0,0.0,864.0,1
9450.0,0.0,1362.0,0.0,1362.0,1
13495.0,0.0,1728.0,0.0,1728.0,0
9350.0,0.0,1313.0,0.0,1313.0,1
10500.0,0.0,1292.0,0.0,1292.0,1
8970.0,0.0,2140.0,1315.0,825.0,5
11475.0,0.0,1576.0,0.0,1576.0,0
9768.0,0.0,960.0,0.0,960.0,1
9900.0,0.0,1691.0,0.0,1691.0,0
10573.0,0.0,1453.0,0.0,1453.0,0
14695.0,0.0,1567.0,0.0,1567.0,0
8760.0,0.0,1144.0,0.0,1144.0,1
12285.0,0.0,1329.0,0.0,1329.0,1
9240.0,0.0,988.0,0.0,988.0,1
8750.0,0.0,1202.0,0.0,1202.0,1
8750.0,0.0,1382.0,0.0,1382.0,0
10400.0,0.0,1200.0,0.0,1200.0,1
9482.0,0.0,1866.0,0.0,1866.0,0
8128.0,0.0,1062.0,0.0,1062.0,1
13070.0,0.0,1112.0,0.0,1112.0,1
8480.0,0.0,793.0,0.0,793.0,1
7626.0,0.0,1031.0,0.0,1031.0,1
9533.0,0.0,1210.0,0.0,1210.0,1
11419.0,0.0,1527.0,726.0,801.0,2
9600.0,0.0,1200.0,0.0,1200.0,1
5470.0,0.0,792.0,0.0,792.0,1
10800.0,0.0,1352.0,676.0,676.0,2
8146.0,0.0,1039.0,322.0,717.0,1
10230.0,0.0,1078.0,0.0,1078.0,1
10410.0,0.0,2377.0,0.0,1313.0,0
7200.0,0.0,1690.0,760.0,930.0,2
5400.0,0.0,599.0,0.0,599.0,1
10800.0,0.0,846.0,0.0,846.0,1
10800.0,0.0,725.0,0.0,725.0,1
9671.0,0.0,2544.0,1296.0,1248.0,5
10143.0,0.0,1380.0,0.0,1380.0,0
11500.0,0.0,1040.0,0.0,1040.0,1
8010.0,450.0,951.0,0.0,951.0,1
10454.0,0.0,1105.0,0.0,1105.0,1
9000.0,0.0,1142.0,0.0,1142.0,1
8064.0,0.0,1133.0,368.0,765.0,1
7350.0,0.0,1041.0,0.0,1041.0,1
7200.0,0.0,732.0,0.0,732.0,1
8000.0,0.0,1183.0,0.0,1183.0,1
10800.0,0.0,1461.0,629.0,832.0,2
8064.0,0.0,1495.0,0.0,1064.0,1
7570.0,0.0,1806.0,813.0,993.0,2
8604.0,0.0,941.0,0.0,941.0,1
7936.0,0.0,1045.0,0.0,1045.0,1
4080.0,0.0,1378.0,517.0,861.0,2
10307.0,0.0,1944.0,972.0,972.0,2
15660.0,0.0,1306.0,496.0,810.0,2
9900.0,0.0,1464.0,700.0,764.0,2
6406.0,0.0,1558.0,690.0,868.0,2
7627.0,0.0,1701.0,600.0,1101.0,2
10134.0,0.0,1447.0,646.0,801.0,2
6000.0,0.0,1328.0,560.0,768.0,2
7404.0,0.0,861.0,0.0,861.0,1
5925.0,0.0,612.0,0.0,612.0,1
8520.0,0.0,792.0,0.0,792.0,1
9600.0,0.0,1510.0,677.0,833.0,2
8400.0,0.0,2007.0,917.0,1090.0,2
3600.0,0.0,1288.0,624.0,664.0,2
3300.0,0.0,816.0,0.0,816.0,1
5400.0,0.0,1480.0,0.0,1044.0,1
9720.0,0.0,1521.0,741.0,780.0,2
9392.0,0.0,797.0,0.0,797.0,1
6615.0,0.0,1432.0,0.0,1432.0,0
4960.0,0.0,1654.0,653.0,1001.0,2
6000.0,0.0,1142.0,320.0,822.0,1
6120.0,0.0,995.0,0.0,995.0,1
6120.0,0.0,1582.0,588.0,994.0,2
8635.0,0.0,1072.0,0.0,1072.0,1
8094.0,0.0,1768.0,720.0,1048.0,2
9928.0,400.0,1944.0,672.0,1272.0,2
3000.0,0.0,2128.0,1040.0,1088.0,2
6876.0,0.0,1930.0,784.0,1146.0,2
5775.0,0.0,1427.0,686.0,741.0,2
5852.0,0.0,1864.0,886.0,978.0,2
5160.0,0.0,1666.0,462.0,1204.0,2
5160.0,0.0,892.0,0.0,892.0,1
10320.0,0.0,1403.0,649.0,754.0,2
4280.0,0.0,704.0,0.0,704.0,1
10800.0,0.0,1200.0,0.0,1200.0,1
10547.0,0.0,1152.0,0.0,1152.0,1
9780.0,0.0,1112.0,425.0,687.0,2
11625.0,0.0,1052.0,0.0,1052.0,1
8014.0,0.0,1034.0,0.0,1034.0,1
15400.0,0.0,1774.0,611.0,904.0,2
15312.0,0.0,1138.0,0.0,1138.0,1
15584.0,0.0,2071.0,0.0,2071.0,0
9000.0,0.0,660.0,0.0,660.0,1
15635.0,0.0,1383.0,0.0,1383.0,0
9571.0,0.0,1073.0,0.0,1073.0,1
9350.0,0.0,1639.0,747.0,892.0,2
7440.0,0.0,1089.0,0.0,1089.0,1
4235.0,0.0,1049.0,0.0,1049.0,1
10778.0,0.0,1061.0,0.0,1061.0,1
19255.0,600.0,1338.0,0.0,1338.0,0
10560.0,0.0,1879.0,800.0,1079.0,2
26400.0,0.0,2016.0,728.0,1288.0,5
7018.0,0.0,2228.0,1114.0,1114.0,5
7018.0,0.0,1535.0,0.0,1535.0,0
7040.0,0.0,1229.0,0.0,1229.0,1
7007.0,0.0,1513.0,0.0,1513.0,0
11855.0,0.0,2787.0,1619.0,1168.0,5
7939.0,0.0,2787.0,1619.0,1168.0,5
7976.0,0.0,2787.0,1619.0,1168.0,5
10933.0,0.0,1680.0,0.0,1680.0,0
10816.0,0.0,1720.0,0.0,1720.0,0
9178.0,0.0,1468.0,0.0,1468.0,0
11422.0,0.0,1838.0,0.0,1838.0,0
6762.0,0.0,1290.0,0.0,1290.0,1
10324.0,0.0,1254.0,0.0,1254.0,1
11645.0,0.0,1498.0,0.0,1498.0,0
11646.0,0.0,1422.0,718.0,704.0,2
16698.0,0.0,1759.0,815.0,944.0,2
9757.0,0.0,990.0,0.0,990.0,1
14753.0,0.0,1463.0,0.0,1463.0,0
8750.0,0.0,1772.0,844.0,928.0,2
10739.0,0.0,1444.0,0.0,1444.0,0
11166.0,0.0,1492.0,0.0,1492.0,0
16269.0,0.0,907.0,0.0,907.0,1
6950.0,0.0,914.0,0.0,914.0,1
11664.0,0.0,1611.0,0.0,1611.0,0
12334.0,0.0,2184.0,1116.0,1068.0,5
8749.0,0.0,1725.0,885.0,840.0,2
11250.0,0.0,1870.0,926.0,944.0,2
15750.0,0.0,1513.0,0.0,1513.0,0
12782.0,0.0,1828.0,0.0,1828.0,0
8750.0,0.0,1417.0,0.0,1417.0,0
10200.0,0.0,1602.0,0.0,1602.0,0
11069.0,0.0,1396.0,788.0,608.0,2
10682.0,0.0,1149.0,0.0,1149.0,1
3675.0,0.0,1072.0,0.0,1072.0,1
6410.0,0.0,876.0,0.0,876.0,1
11767.0,900.0,1368.0,0.0,1368.0,0
10926.0,0.0,1678.0,0.0,1678.0,0
11767.0,0.0,1560.0,0.0,1560.0,0
8212.0,0.0,1298.0,444.0,854.0,2
6300.0,0.0,1268.0,436.0,832.0,2
5707.0,0.0,1242.0,595.0,647.0,2
8574.0,0.0,1232.0,0.0,1232.0,1
7155.0,0.0,1228.0,600.0,628.0,2
13680.0,0.0,1567.0,727.0,840.0,2
14680.0,0.0,1273.0,0.0,1273.0,1
8145.0,0.0,2480.0,1240.0,1240.0,5
9100.0,0.0,1112.0,0.0,1112.0,1
13339.0,0.0,1561.0,0.0,1561.0,0
15600.0,0.0,1523.0,537.0,986.0,2
17500.0,0.0,1906.0,0.0,1906.0,0
1733.0,0.0,1032.0,516.0,516.0,2
1488.0,0.0,1229.0,668.0,561.0,2
1612.0,0.0,1229.0,668.0,561.0,2
13607.0,1500.0,1982.0,800.0,1182.0,5
17597.0,0.0,2365.0,0.0,2365.0,0
8660.0,0.0,2168.0,928.0,928.0,2
10200.0,0.0,572.0,0.0,572.0,1
3843.0,0.0,1648.0,0.0,1648.0,0
21780.0,0.0,810.0,0.0,810.0,1
10125.0,0.0,2052.0,1012.0,1040.0,5
9750.0,0.0,926.0,0.0,926.0,1
9360.0,0.0,1287.0,0.0,1287.0,1
11070.0,0.0,1595.0,0.0,1595.0,0
13438.0,0.0,2036.0,0.0,2036.0,0
14463.0,0.0,1641.0,0.0,1641.0,0
9839.0,2500.0,2237.0,862.0,1375.0,5
14419.0,0.0,1479.0,0.0,1479.0,0
9157.0,0.0,2014.0,942.0,1072.0,2
12633.0,0.0,1978.0,0.0,1978.0,0
12518.0,0.0,1008.0,0.0,1008.0,1
13383.0,0.0,1404.0,0.0,1404.0,0
7689.0,0.0,796.0,0.0,796.0,1
7706.0,700.0,1091.0,0.0,1091.0,1
7669.0,0.0,883.0,0.0,883.0,1
10429.0,0.0,1287.0,663.0,624.0,2
10457.0,0.0,1632.0,848.0,784.0,2
8702.0,0.0,1604.0,678.0,926.0,2
8139.0,0.0,1470.0,790.0,680.0,2
9535.0,0.0,1604.0,678.0,926.0,2
15038.0,0.0,1636.0,720.0,916.0,2
14137.0,0.0,1384.0,0.0,1384.0,0
6264.0,0.0,1682.0,0.0,1682.0,0
5070.0,0.0,1280.0,0.0,1280.0,1
11184.0,0.0,1633.0,701.0,932.0,2
14067.0,0.0,1709.0,858.0,851.0,2
5950.0,0.0,1337.0,0.0,1337.0,1
13543.0,0.0,2500.0,1332.0,1168.0,5
15401.0,0.0,1884.0,0.0,1884.0,0
31220.0,750.0,1474.0,0.0,1474.0,0
8118.0,0.0,1710.0,0.0,1710.0,0
47280.0,0.0,1488.0,0.0,1488.0,0
12680.0,0.0,1688.0,0.0,1688.0,0
10825.0,0.0,1260.0,0.0,1260.0,1
18559.0,0.0,2064.0,0.0,2064.0,0
14450.0,0.0,1782.0,0.0,1782.0,0
13068.0,0.0,1211.0,0.0,1211.0,1
10400.0,0.0,2044.0,767.0,1277.0,5
9743.0,0.0,1308.0,588.0,720.0,2
12511.0,0.0,2840.0,1420.0,1420.0,5
10400.0,0.0,1444.0,0.0,1444.0,0
14311.0,0.0,2340.0,1104.0,1236.0,5
9000.0,0.0,1792.0,896.0,896.0,2
10295.0,0.0,936.0,0.0,936.0,1
7560.0,0.0,864.0,0.0,864.0,1
1680.0,0.0,987.0,504.0,483.0,2
1890.0,0.0,987.0,504.0,483.0,2
1680.0,0.0,1302.0,672.0,630.0,2
2308.0,0.0,1456.0,601.0,855.0,2
2529.0,0.0,1055.0,0.0,1055.0,1
12704.0,0.0,1582.0,0.0,1582.0,0
13693.0,0.0,2464.0,0.0,2464.0,0
14418.0,0.0,1950.0,0.0,1950.0,0
13418.0,0.0,2748.0,898.0,1850.0,5
12539.0,0.0,2790.0,1158.0,1632.0,5
12151.0,0.0,2331.0,917.0,1414.0,5
8899.0,0.0,2088.0,1140.0,948.0,5
10574.0,0.0,2332.0,1162.0,1170.0,5
12720.0,0.0,2470.0,0.0,2470.0,0
10845.0,0.0,1575.0,0.0,1575.0,0
16900.0,0.0,2649.0,1134.0,1515.0,5
16451.0,0.0,2690.0,886.0,1804.0,5
10110.0,0.0,1866.0,0.0,1866.0,0
12304.0,0.0,1367.0,0.0,1367.0,0
8232.0,0.0,1800.0,0.0,1800.0,0
6240.0,0.0,1342.0,0.0,1342.0,1
6240.0,0.0,1342.0,0.0,1342.0,1
2448.0,0.0,1626.0,862.0,764.0,2
3940.0,0.0,1455.0,0.0,1455.0,0
3940.0,0.0,1576.0,0.0,1576.0,0
3710.0,0.0,1246.0,0.0,1246.0,1
9024.0,0.0,1515.0,702.0,813.0,2
8010.0,0.0,1720.0,880.0,840.0,2
8396.0,0.0,1986.0,1139.0,847.0,2
7301.0,0.0,1358.0,0.0,1358.0,1
8220.0,0.0,1892.0,884.0,1008.0,2
7750.0,0.0,1414.0,707.0,707.0,2
12460.0,0.0,2322.0,1285.0,1037.0,5
8390.0,0.0,1651.0,778.0,873.0,2
9660.0,0.0,2199.0,1017.0,1182.0,5
11000.0,0.0,2172.0,639.0,1533.0,5
11675.0,0.0,2006.0,0.0,2006.0,0
10990.0,0.0,2125.0,1061.0,1064.0,5
11929.0,0.0,2501.0,1250.0,1251.0,5
10010.0,0.0,2197.0,1089.0,1108.0,5
13253.0,0.0,1578.0,0.0,1578.0,0
9801.0,0.0,1861.0,520.0,1341.0,2
9428.0,0.0,1874.0,919.0,955.0,2
10037.0,0.0,1460.0,0.0,1460.0,0
8640.0,0.0,1372.0,0.0,1372.0,1
10625.0,0.0,1660.0,0.0,1660.0,0
7500.0,0.0,1218.0,0.0,1218.0,1
10110.0,0.0,1696.0,861.0,835.0,2
12774.0,0.0,1663.0,828.0,835.0,2
13072.0,0.0,1175.0,0.0,1175.0,1
9260.0,0.0,1162.0,0.0,1162.0,1
8453.0,0.0,1609.0,855.0,754.0,2
8480.0,0.0,1680.0,794.0,886.0,2
14565.0,2000.0,1657.0,825.0,832.0,2
8450.0,0.0,1677.0,850.0,827.0,2
8285.0,0.0,1737.0,893.0,844.0,2
9100.0,400.0,984.0,0.0,984.0,1
8100.0,0.0,864.0,0.0,864.0,1
8450.0,0.0,890.0,0.0,890.0,1
6360.0,650.0,864.0,0.0,864.0,1
19508.0,0.0,1430.0,0.0,1430.0,0
10759.0,0.0,1641.0,640.0,1001.0,2
9205.0,0.0,2683.0,1319.0,1364.0,5
11025.0,0.0,2786.0,959.0,1827.0,5
3435.0,0.0,1245.0,0.0,1245.0,1
3180.0,0.0,1200.0,600.0,600.0,2
3180.0,0.0,1392.0,689.0,703.0,2
2280.0,0.0,1549.0,792.0,757.0,2
4765.0,0.0,1638.0,0.0,1638.0,0
4538.0,0.0,1310.0,0.0,1310.0,1
4385.0,0.0,1419.0,0.0,1419.0,1
4109.0,0.0,1557.0,0.0,1557.0,0
2160.0,0.0,1404.0,720.0,684.0,2
10646.0,0.0,1789.0,917.0,872.0,2
2645.0,0.0,1586.0,624.0,962.0,2
2645.0,0.0,1607.0,645.0,962.0,2
3951.0,0.0,2393.0,924.0,1469.0,5
11064.0,0.0,1239.0,0.0,1239.0,1
24572.0,0.0,2944.0,1345.0,1599.0,5
16280.0,0.0,1671.0,0.0,1671.0,0
7500.0,0.0,1812.0,860.0,952.0,2
11104.0,0.0,1427.0,0.0,1427.0,0
11050.0,0.0,1740.0,0.0,1740.0,0
15387.0,450.0,1620.0,0.0,1620.0,0
9750.0,0.0,1625.0,0.0,1625.0,0
8814.0,0.0,1464.0,732.0,732.0,2
8125.0,0.0,925.0,0.0,925.0,1
11072.0,0.0,1728.0,0.0,1728.0,0
13355.0,0.0,1670.0,825.0,845.0,2
7785.0,0.0,1014.0,0.0,1014.0,1
9900.0,0.0,1114.0,0.0,1114.0,1
11332.0,0.0,1118.0,0.0,1118.0,1
4882.0,0.0,906.0,453.0,453.0,2
9600.0,0.0,1496.0,0.0,1496.0,0
9600.0,0.0,1337.0,0.0,1337.0,1
7584.0,0.0,1036.0,0.0,1036.0,1
14670.0,0.0,1988.0,884.0,1104.0,5
8856.0,0.0,1176.0,0.0,1176.0,1
9840.0,0.0,1440.0,0.0,1440.0,0
13200.0,0.0,1570.0,0.0,1570.0,0
10425.0,0.0,1104.0,0.0,1104.0,1
11556.0,0.0,882.0,0.0,882.0,1
9373.0,0.0,1152.0,0.0,1152.0,1
12774.0,0.0,950.0,0.0,950.0,1
14250.0,1500.0,1790.0,0.0,1790.0,0
8838.0,0.0,1764.0,0.0,1764.0,0
12436.0,0.0,1824.0,0.0,1824.0,0
10122.0,0.0,869.0,0.0,869.0,1
7506.0,0.0,1159.0,412.0,747.0,2
5400.0,0.0,672.0,0.0,672.0,1
10836.0,0.0,1436.0,182.0,1254.0,1
10180.0,450.0,1044.0,0.0,1044.0,1
11355.0,6500.0,1312.0,0.0,1312.0,4
12929.0,0.0,1081.0,0.0,1081.0,1
7200.0,0.0,876.0,0.0,876.0,1
8000.0,0.0,1256.0,0.0,1256.0,1
8000.0,0.0,1027.0,0.0,1027.0,1
8064.0,0.0,1320.0,501.0,819.0,2
6390.0,0.0,984.0,0.0,984.0,1
7200.0,0.0,1278.0,424.0,854.0,2
8513.0,0.0,1800.0,0.0,1800.0,0
7200.0,0.0,1588.0,564.0,1024.0,2
7200.0,0.0,825.0,0.0,825.0,1
7590.0,0.0,1117.0,0.0,1117.0,1
9836.0,0.0,1133.0,0.0,1133.0,1
9184.0,0.0,1323.0,375.0,948.0,2
4800.0,0.0,1360.0,680.0,680.0,2
4800.0,0.0,672.0,0.0,672.0,1
6000.0,0.0,1456.0,728.0,728.0,2
11426.0,0.0,1594.0,658.0,828.0,2
7628.0,0.0,1656.0,561.0,1095.0,2
7308.0,0.0,1740.0,780.0,960.0,2
5400.0,0.0,1027.0,0.0,1027.0,1
10800.0,0.0,1436.0,552.0,884.0,2
6756.0,0.0,899.0,0.0,899.0,1
5914.0,0.0,1080.0,396.0,684.0,2
9000.0,0.0,1499.0,595.0,904.0,2
7311.0,0.0,407.0,0.0,407.0,1
12205.0,0.0,1588.0,0.0,1588.0,0
9142.0,0.0,1627.0,797.0,830.0,2
5350.0,0.0,1450.0,720.0,730.0,2
9143.0,0.0,1017.0,308.0,709.0,1
9600.0,0.0,2350.0,973.0,1377.0,5
6000.0,0.0,1540.0,656.0,884.0,2
11340.0,0.0,1086.0,363.0,723.0,1
10800.0,0.0,2495.0,1182.0,1313.0,5
9750.0,0.0,984.0,0.0,984.0,1
8516.0,0.0,1093.0,0.0,1093.0,1
7111.0,0.0,1143.0,0.0,1143.0,1
7425.0,0.0,1668.0,473.0,1195.0,2
7010.0,0.0,1738.0,594.0,1144.0,2
5000.0,0.0,1210.0,378.0,832.0,2
5870.0,400.0,1290.0,554.0,736.0,2
6000.0,0.0,1672.0,658.0,1014.0,2
6000.0,0.0,949.0,0.0,949.0,1
6000.0,0.0,1497.0,672.0,825.0,2
6000.0,0.0,1342.0,468.0,874.0,2
5000.0,0.0,1013.0,0.0,1013.0,1
5520.0,0.0,1216.0,651.0,565.0,2
5940.0,0.0,896.0,0.0,896.0,1
6240.0,0.0,1136.0,512.0,624.0,2
6120.0,0.0,808.0,0.0,808.0,1
6240.0,0.0,2009.0,764.0,1245.0,2
6120.0,0.0,1902.0,676.0,1226.0,2
9144.0,0.0,1716.0,546.0,1170.0,2
8094.0,1000.0,1984.0,742.0,1242.0,2
4347.0,0.0,1609.0,784.0,825.0,2
6291.0,0.0,768.0,0.0,768.0,1
10266.0,0.0,1536.0,768.0,768.0,2
6876.0,0.0,1969.0,0.0,1272.0,0
10320.0,0.0,1308.0,428.0,880.0,2
7200.0,0.0,1040.0,0.0,1040.0,1
7006.0,0.0,1236.0,448.0,788.0,2
10320.0,0.0,759.0,0.0,759.0,1
10320.0,0.0,1344.0,536.0,808.0,2
9488.0,0.0,1054.0,0.0,1054.0,1
11235.0,0.0,1075.0,0.0,1075.0,1
13014.0,0.0,1096.0,0.0,1096.0,1
10265.0,600.0,992.0,0.0,992.0,1
7703.0,0.0,1034.0,0.0,1034.0,1
9981.0,0.0,1073.0,0.0,1073.0,1
7400.0,0.0,1126.0,0.0,1126.0,1
12900.0,0.0,1140.0,0.0,1140.0,1
9239.0,0.0,960.0,0.0,960.0,1
14175.0,0.0,1188.0,0.0,1188.0,1
10532.0,0.0,1721.0,0.0,1721.0,0
8375.0,0.0,1350.0,486.0,864.0,2
10200.0,0.0,904.0,0.0,904.0,1
20270.0,0.0,1524.0,0.0,1524.0,0
5190.0,0.0,1079.0,462.0,617.0,2
19550.0,0.0,1518.0,0.0,1518.0,0
9571.0,0.0,1509.0,0.0,1509.0,0
9350.0,0.0,864.0,0.0,864.0,1
9360.0,0.0,1269.0,648.0,621.0,2
9771.0,0.0,2814.0,1721.0,1093.0,5
9938.0,0.0,1626.0,0.0,1626.0,0
14171.0,0.0,2200.0,1099.0,1101.0,5
10541.0,0.0,2037.0,735.0,1302.0,5
10616.0,0.0,1356.0,728.0,628.0,2
9345.0,0.0,1615.0,0.0,1615.0,0
11778.0,0.0,2276.0,0.0,2276.0,0
11778.0,0.0,1766.0,0.0,1766.0,0
11454.0,0.0,1511.0,0.0,1511.0,0
11500.0,0.0,1643.0,0.0,1643.0,0
9750.0,0.0,990.0,0.0,990.0,1
8696.0,0.0,1418.0,0.0,1418.0,0
13142.0,0.0,1771.0,899.0,872.0,2
8998.0,0.0,1652.0,870.0,782.0,2
12192.0,4500.0,1823.0,895.0,928.0,2
12250.0,0.0,1174.0,0.0,1174.0,1
9216.0,0.0,1076.0,0.0,1076.0,1
14330.0,0.0,1558.0,0.0,1558.0,0
10400.0,0.0,2161.0,871.0,1290.0,5
9720.0,0.0,1947.0,581.0,1366.0,2
14860.0,0.0,1786.0,0.0,1786.0,0
10905.0,0.0,2327.0,1198.0,1129.0,5
11690.0,0.0,1764.0,878.0,886.0,2
4426.0,0.0,848.0,0.0,848.0,1
10126.0,0.0,1838.0,0.0,1838.0,0
9750.0,0.0,1445.0,0.0,1445.0,0
11058.0,0.0,1564.0,0.0,1564.0,0
9627.0,0.0,1361.0,0.0,1361.0,1
9825.0,0.0,1092.0,0.0,1092.0,1
12102.0,0.0,1033.0,0.0,1033.0,1
6500.0,0.0,1127.0,0.0,1127.0,1
9638.0,0.0,1117.0,0.0,1117.0,1
7200.0,0.0,1398.0,714.0,684.0,2
47007.0,0.0,3820.0,0.0,3820.0,0
6012.0,0.0,1152.0,0.0,1152.0,1
6845.0,0.0,1152.0,0.0,1152.0,1
6931.0,0.0,784.0,0.0,784.0,1
12180.0,0.0,1053.0,468.0,585.0,2
8050.0,0.0,1137.0,208.0,929.0,1
9520.0,3000.0,930.0,0.0,930.0,1
7692.0,0.0,1204.0,0.0,1204.0,1
5142.0,0.0,1292.0,343.0,949.0,1
7290.0,0.0,1424.0,0.0,1424.0,0
7804.0,0.0,1920.0,960.0,960.0,2
8969.0,0.0,1316.0,644.0,672.0,2
15564.0,400.0,1264.0,588.0,676.0,2
7609.0,0.0,1512.0,714.0,798.0,2
9650.0,0.0,1603.0,784.0,819.0,2
11700.0,0.0,1938.0,673.0,1265.0,2
9260.0,0.0,1374.0,442.0,932.0,2
7801.0,0.0,1091.0,0.0,1091.0,1
9670.0,0.0,1873.0,890.0,983.0,2
12392.0,0.0,2161.0,943.0,1218.0,5
26073.0,0.0,1898.0,0.0,1898.0,0
1879.0,0.0,1032.0,516.0,516.0,2
7000.0,0.0,919.0,0.0,919.0,1
6000.0,0.0,1090.0,330.0,760.0,1
8155.0,0.0,1200.0,420.0,780.0,2
6000.0,0.0,1656.0,564.0,1092.0,2
7392.0,0.0,912.0,0.0,912.0,1
9000.0,0.0,1955.0,804.0,1151.0,2
14584.0,0.0,733.0,0.0,733.0,1
5280.0,0.0,1361.0,536.0,825.0,2
5150.0,0.0,1049.0,378.0,671.0,1
9000.0,0.0,864.0,432.0,432.0,1
3843.0,0.0,1648.0,0.0,1648.0,0
3811.0,0.0,1646.0,0.0,1646.0,0
23730.0,0.0,2032.0,0.0,2032.0,0
11050.0,0.0,1820.0,910.0,910.0,2
10260.0,0.0,1872.0,936.0,936.0,2
9990.0,0.0,1689.0,0.0,1689.0,0
4084.0,0.0,1501.0,0.0,1501.0,0
11563.0,0.0,1537.0,0.0,1537.0,0
12852.0,0.0,1780.0,860.0,920.0,2
9802.0,0.0,1442.0,730.0,712.0,2
12018.0,0.0,1612.0,816.0,796.0,2
12890.0,0.0,1495.0,0.0,1495.0,0
18265.0,0.0,1256.0,0.0,1256.0,1
11202.0,0.0,1440.0,0.0,1440.0,0
7915.0,0.0,1675.0,0.0,1675.0,0
11449.0,0.0,1728.0,0.0,1728.0,0
11447.0,0.0,1964.0,0.0,1964.0,0
8940.0,0.0,1344.0,0.0,1344.0,1
9278.0,0.0,1092.0,0.0,1092.0,1
4500.0,0.0,1189.0,0.0,1189.0,1
14137.0,0.0,1200.0,0.0,1200.0,1
4224.0,0.0,1040.0,0.0,1040.0,1
2665.0,0.0,1475.0,550.0,925.0,2
1974.0,0.0,988.0,462.0,526.0,2
1596.0,0.0,988.0,462.0,526.0,2
17979.0,500.0,1160.0,0.0,1160.0,1
1477.0,0.0,1092.0,546.0,546.0,2
6490.0,0.0,816.0,0.0,816.0,1
6600.0,0.0,845.0,0.0,845.0,1
12395.0,0.0,889.0,0.0,889.0,1
56600.0,0.0,1836.0,686.0,1150.0,5
10667.0,0.0,1587.0,0.0,1587.0,0
8872.0,0.0,1384.0,630.0,754.0,2
10147.0,0.0,1694.0,770.0,924.0,2
8637.0,0.0,1714.0,767.0,947.0,2
7875.0,0.0,1553.0,862.0,691.0,2
7500.0,0.0,2299.0,1342.0,957.0,5
9556.0,0.0,1187.0,0.0,1187.0,1
7655.0,0.0,1642.0,732.0,910.0,2
18160.0,0.0,1128.0,0.0,1128.0,1
4740.0,0.0,1179.0,0.0,1179.0,1
5118.0,0.0,1321.0,0.0,1321.0,1
12328.0,0.0,2541.0,1377.0,1164.0,5
51974.0,0.0,2338.0,0.0,2338.0,0
41600.0,0.0,1424.0,0.0,1424.0,0
8035.0,0.0,1612.0,0.0,1612.0,0
14082.0,0.0,2234.0,0.0,2234.0,0
13870.0,0.0,2042.0,0.0,2042.0,0
10960.0,0.0,1284.0,0.0,1284.0,1
12090.0,0.0,1479.0,754.0,725.0,2
12299.0,0.0,1664.0,0.0,1664.0,0
11339.0,0.0,1930.0,845.0,1085.0,2
11850.0,0.0,1177.0,0.0,1177.0,1
10400.0,0.0,1353.0,0.0,1353.0,1
13001.0,0.0,1220.0,0.0,1220.0,1
8991.0,0.0,1324.0,0.0,1324.0,1
8000.0,0.0,1877.0,793.0,1084.0,2
9457.0,0.0,1422.0,0.0,1422.0,0
7920.0,0.0,914.0,0.0,914.0,1
17199.0,0.0,914.0,0.0,914.0,1
4113.0,0.0,1337.0,0.0,1337.0,1
10943.0,0.0,1337.0,0.0,1337.0,1
2205.0,0.0,1092.0,567.0,525.0,2
2058.0,0.0,1218.0,546.0,672.0,2
2304.0,0.0,1055.0,0.0,1055.0,1
7150.0,0.0,988.0,0.0,988.0,1
12469.0,0.0,1816.0,0.0,1816.0,0
11825.0,0.0,1694.0,0.0,1694.0,0
14333.0,0.0,2122.0,0.0,2122.0,0
13641.0,0.0,2656.0,713.0,1943.0,5
13440.0,0.0,2550.0,1402.0,1148.0,5
15431.0,0.0,2046.0,0.0,2046.0,0
13891.0,0.0,2552.0,0.0,2552.0,0
13654.0,0.0,2758.0,1036.0,1722.0,5
17169.0,0.0,2290.0,0.0,2290.0,0
16659.0,0.0,2152.0,570.0,1582.0,5
9709.0,0.0,2100.0,1142.0,958.0,5
13615.0,0.0,1802.0,0.0,1802.0,0
13069.0,0.0,2956.0,1238.0,1718.0,5
14277.0,0.0,2385.0,1168.0,1217.0,5
12568.0,0.0,1818.0,923.0,895.0,2
9926.0,0.0,1614.0,0.0,1614.0,0
9254.0,0.0,1721.0,0.0,1721.0,0
10732.0,0.0,1828.0,530.0,1298.0,2
3901.0,0.0,1302.0,0.0,1302.0,1
3903.0,0.0,1302.0,0.0,1302.0,1
6289.0,0.0,1362.0,0.0,1362.0,1
4590.0,0.0,1554.0,0.0,1554.0,0
7841.0,0.0,1577.0,0.0,1577.0,0
6240.0,0.0,1324.0,0.0,1324.0,1
3242.0,0.0,1405.0,0.0,1405.0,1
15810.0,0.0,1496.0,728.0,768.0,2
10237.0,0.0,1536.0,768.0,768.0,2
13204.0,0.0,1458.0,850.0,608.0,2
8857.0,0.0,1495.0,757.0,738.0,2
9729.0,0.0,1746.0,1048.0,698.0,2
12216.0,2000.0,1326.0,0.0,1326.0,1
8229.0,0.0,1504.0,752.0,752.0,2
7713.0,0.0,1456.0,728.0,728.0,2
7697.0,0.0,1258.0,0.0,1258.0,1
3621.0,0.0,1589.0,0.0,1589.0,0
3710.0,0.0,1266.0,0.0,1266.0,1
16219.0,0.0,1119.0,0.0,1119.0,1
11084.0,0.0,1374.0,630.0,744.0,2
10936.0,0.0,1525.0,0.0,1525.0,0
11950.0,0.0,1394.0,640.0,754.0,2
7875.0,0.0,1948.0,1101.0,847.0,2
8740.0,0.0,1995.0,1131.0,864.0,2
9487.0,0.0,1690.0,750.0,940.0,2
9649.0,0.0,1644.0,683.0,961.0,2
12191.0,0.0,2551.0,772.0,1779.0,5
10557.0,0.0,3078.0,1407.0,1671.0,5
11002.0,0.0,2582.0,1171.0,1411.0,5
10790.0,0.0,2385.0,1277.0,1108.0,5
11762.0,0.0,2202.0,1097.0,1105.0,5
9044.0,0.0,2538.0,1203.0,1335.0,5
9910.0,0.0,1369.0,0.0,1369.0,0
11830.0,0.0,1542.0,0.0,1542.0,0
10612.0,0.0,1534.0,0.0,1534.0,0
12291.0,0.0,1966.0,0.0,1966.0,0
9965.0,0.0,1528.0,0.0,1528.0,0
8847.0,0.0,1538.0,0.0,1538.0,0
8251.0,0.0,1506.0,0.0,1506.0,0
9605.0,0.0,1977.0,995.0,982.0,2
8778.0,0.0,1830.0,528.0,1302.0,2
8640.0,0.0,1338.0,0.0,1338.0,1
9000.0,0.0,1335.0,0.0,1335.0,1
8640.0,0.0,1792.0,896.0,896.0,2
10411.0,0.0,1588.0,863.0,725.0,2
12217.0,0.0,1880.0,925.0,955.0,2
10440.0,0.0,1584.0,0.0,1584.0,0
11824.0,0.0,1685.0,0.0,1685.0,0
10625.0,0.0,2443.0,1285.0,1158.0,5
7500.0,0.0,1100.0,0.0,1100.0,1
7500.0,0.0,1143.0,0.0,1143.0,1
12450.0,0.0,1094.0,0.0,1094.0,1
7441.0,0.0,1486.0,0.0,1486.0,0
11613.0,0.0,1820.0,900.0,920.0,2
8012.0,0.0,1266.0,636.0,630.0,2
6285.0,0.0,894.0,0.0,894.0,1
7476.0,0.0,1040.0,0.0,1040.0,1
19522.0,0.0,2503.0,1232.0,1271.0,5
10751.0,0.0,1037.0,0.0,1037.0,1
12712.0,0.0,1055.0,0.0,1055.0,1
4379.0,0.0,1378.0,0.0,1378.0,1
3523.0,0.0,1151.0,0.0,1151.0,1
3784.0,0.0,1565.0,0.0,1565.0,0
3606.0,0.0,1352.0,0.0,1352.0,1
5330.0,0.0,1550.0,0.0,1550.0,0
2280.0,0.0,1501.0,744.0,757.0,2
2117.0,0.0,1573.0,804.0,769.0,2
7321.0,0.0,1358.0,0.0,1358.0,1
8010.0,0.0,2048.0,976.0,1072.0,2
8413.0,0.0,2362.0,1142.0,1220.0,5
9466.0,0.0,1494.0,0.0,1494.0,0
12000.0,0.0,2362.0,0.0,2362.0,0
17778.0,0.0,2497.0,0.0,2497.0,0
11700.0,0.0,1152.0,0.0,1152.0,1
8000.0,0.0,2411.0,1008.0,1403.0,5
8723.0,0.0,1082.0,0.0,1082.0,1
11700.0,0.0,1295.0,0.0,1295.0,1
11358.0,0.0,1610.0,0.0,1610.0,0
9547.0,0.0,1594.0,0.0,1594.0,0
10530.0,0.0,2075.0,984.0,1091.0,5
10738.0,400.0,1093.0,0.0,1093.0,1
10800.0,0.0,1052.0,0.0,1052.0,1
8050.0,0.0,1107.0,0.0,1107.0,1
10899.0,0.0,1224.0,0.0,1224.0,1
7450.0,0.0,1074.0,0.0,1074.0,1
14357.0,0.0,1187.0,0.0,1187.0,1
8243.0,0.0,964.0,0.0,964.0,1
8680.0,0.0,894.0,0.0,894.0,1
8800.0,0.0,1200.0,0.0,1200.0,1
9200.0,0.0,1042.0,0.0,1042.0,1
8800.0,0.0,2154.0,1309.0,845.0,5
11382.0,0.0,1374.0,0.0,1374.0,0
22002.0,0.0,1652.0,0.0,1652.0,0
12172.0,0.0,908.0,0.0,908.0,1
5000.0,0.0,666.0,0.0,666.0,1
3500.0,2000.0,670.0,228.0,442.0,1
5175.0,0.0,808.0,0.0,808.0,1
9600.0,0.0,1150.0,0.0,1150.0,1
8668.0,0.0,1560.0,0.0,1560.0,0
10050.0,0.0,1280.0,0.0,1280.0,1
9600.0,0.0,1254.0,0.0,1254.0,1
8760.0,0.0,936.0,0.0,936.0,1
6860.0,0.0,1008.0,0.0,1008.0,1
8250.0,0.0,1053.0,0.0,1053.0,1
9100.0,0.0,1144.0,0.0,1144.0,1
9736.0,0.0,1721.0,0.0,1721.0,0
9770.0,0.0,922.0,0.0,922.0,1
12198.0,0.0,1411.0,0.0,1411.0,0
10050.0,0.0,1216.0,0.0,1216.0,1
11556.0,0.0,1154.0,0.0,1154.0,1
8078.0,0.0,1560.0,0.0,1560.0,0
10950.0,0.0,948.0,0.0,948.0,1
7942.0,0.0,1040.0,0.0,1040.0,1
8540.0,0.0,925.0,0.0,925.0,1
7150.0,0.0,1540.0,500.0,1040.0,2
8400.0,0.0,925.0,0.0,925.0,1
9532.0,0.0,1647.0,0.0,1647.0,0
15783.0,400.0,924.0,0.0,924.0,1
14190.0,0.0,1544.0,544.0,1000.0,2
12099.0,0.0,1728.0,0.0,1216.0,0
21281.0,0.0,3086.0,1778.0,1308.0,5
10284.0,0.0,1281.0,436.0,845.0,2
10800.0,0.0,1534.0,783.0,751.0,2
10090.0,0.0,1651.0,616.0,1035.0,2
8700.0,0.0,888.0,0.0,888.0,1
8300.0,0.0,952.0,0.0,952.0,1
7200.0,0.0,1238.0,0.0,1238.0,1
7500.0,0.0,1040.0,0.0,1040.0,1
7315.0,0.0,1170.0,0.0,1170.0,1
7903.0,0.0,1242.0,0.0,1242.0,1
8000.0,0.0,1377.0,0.0,1377.0,1
7000.0,0.0,925.0,0.0,925.0,1
6600.0,0.0,864.0,0.0,864.0,1
6760.0,0.0,936.0,0.0,936.0,1
6978.0,0.0,960.0,0.0,960.0,1
6000.0,0.0,1296.0,430.0,866.0,2
4480.0,0.0,1022.0,0.0,1022.0,1
3153.0,0.0,967.0,0.0,967.0,1
7200.0,0.0,1072.0,0.0,1072.0,1
9000.0,0.0,1174.0,494.0,680.0,2
5925.0,0.0,1141.0,380.0,761.0,1
9639.0,0.0,1798.0,642.0,1156.0,2
10337.0,0.0,1772.0,863.0,909.0,2
9863.0,0.0,1642.0,728.0,914.0,2
4571.0,0.0,1232.0,616.0,616.0,2
8398.0,0.0,1650.0,659.0,991.0,2
3600.0,0.0,1358.0,671.0,687.0,2
13500.0,0.0,2454.0,1142.0,1312.0,5
8626.0,0.0,968.0,0.0,968.0,1
11800.0,0.0,1382.0,0.0,1382.0,0
6854.0,0.0,1060.0,144.0,916.0,1
8674.0,0.0,1435.0,525.0,910.0,2
6125.0,0.0,1274.0,546.0,728.0,2
6000.0,0.0,1232.0,624.0,608.0,2
6120.0,0.0,884.0,0.0,884.0,1
6240.0,0.0,1409.0,548.0,861.0,2
6240.0,0.0,1322.0,423.0,899.0,2
6240.0,0.0,1426.0,412.0,1014.0,2
6120.0,0.0,1281.0,378.0,903.0,2
7755.0,0.0,2264.0,1164.0,1100.0,5
8850.0,0.0,1376.0,624.0,752.0,2
8550.0,0.0,1316.0,356.0,960.0,1
5700.0,0.0,1344.0,672.0,672.0,2
5680.0,0.0,1173.0,240.0,933.0,1
5680.0,0.0,1214.0,245.0,969.0,1
13200.0,0.0,2294.0,797.0,1497.0,5
9780.0,0.0,1952.0,976.0,976.0,2
10320.0,0.0,2180.0,1042.0,1138.0,5
4330.0,0.0,1315.0,477.0,838.0,2
10320.0,0.0,1484.0,504.0,866.0,2
12888.0,0.0,2267.0,1005.0,1262.0,5
4484.0,0.0,1282.0,504.0,778.0,2
11235.0,0.0,999.0,0.0,999.0,1
11235.0,0.0,1452.0,0.0,1452.0,0
14299.0,0.0,1005.0,0.0,1005.0,1
14149.0,0.0,1020.0,0.0,1020.0,1
11677.0,0.0,1040.0,0.0,1040.0,1
8425.0,0.0,868.0,0.0,868.0,1
8665.0,0.0,897.0,0.0,897.0,1
8398.0,0.0,943.0,0.0,943.0,1
8169.0,0.0,912.0,0.0,912.0,1
14175.0,0.0,1375.0,0.0,1375.0,0
16779.0,500.0,2654.0,1087.0,1567.0,5
6960.0,0.0,1302.0,504.0,798.0,2
11375.0,0.0,1299.0,0.0,1299.0,1
13770.0,0.0,1176.0,0.0,1176.0,1
9000.0,0.0,998.0,0.0,998.0,1
11075.0,0.0,1522.0,0.0,1522.0,0
17541.0,0.0,1325.0,0.0,1325.0,0
22692.0,0.0,1630.0,0.0,1630.0,0
17808.0,0.0,1242.0,0.0,1242.0,1
12671.0,0.0,2422.0,0.0,2422.0,0
10512.0,0.0,1626.0,638.0,988.0,2
5400.0,0.0,864.0,0.0,864.0,1
11515.0,0.0,943.0,0.0,943.0,1
3869.0,0.0,1038.0,0.0,1038.0,1
9280.0,0.0,1342.0,0.0,1342.0,1
11100.0,0.0,1480.0,400.0,1080.0,2
7550.0,0.0,1362.0,376.0,986.0,2
23920.0,0.0,1822.0,717.0,1105.0,5
9317.0,0.0,1958.0,929.0,1029.0,2
9178.0,0.0,1651.0,0.0,1651.0,0
10481.0,0.0,2140.0,0.0,2140.0,0
10235.0,0.0,1651.0,0.0,1651.0,0
11750.0,0.0,1546.0,0.0,1546.0,0
8760.0,0.0,1500.0,0.0,1500.0,0
7242.0,0.0,1270.0,0.0,1270.0,1
9316.0,0.0,1795.0,916.0,879.0,2
8883.0,0.0,1873.0,927.0,946.0,2
20064.0,0.0,1743.0,0.0,1743.0,0
14217.0,0.0,1022.0,0.0,1022.0,1
10021.0,0.0,1308.0,662.0,646.0,2
8428.0,0.0,990.0,0.0,990.0,1
16561.0,0.0,1097.0,0.0,1097.0,1
10820.0,0.0,1873.0,885.0,988.0,2
12352.0,0.0,1753.0,900.0,853.0,2
9543.0,0.0,1690.0,845.0,845.0,2
8826.0,0.0,1842.0,857.0,985.0,2
11800.0,0.0,894.0,0.0,894.0,1
8660.0,0.0,1025.0,0.0,1025.0,1
9720.0,0.0,1009.0,0.0,1009.0,1
8982.0,0.0,1040.0,0.0,1040.0,1
16300.0,0.0,907.0,0.0,907.0,1
9675.0,0.0,879.0,0.0,879.0,1
7200.0,0.0,864.0,0.0,864.0,1
7200.0,0.0,875.0,0.0,875.0,1
11354.0,0.0,1673.0,0.0,1673.0,0
8749.0,0.0,1932.0,940.0,992.0,2
8158.0,0.0,1729.0,869.0,860.0,2
11927.0,0.0,1592.0,0.0,1592.0,0
12728.0,0.0,2439.0,908.0,1531.0,5
15295.0,0.0,1992.0,780.0,1212.0,5
17227.0,0.0,1341.0,0.0,1341.0,0
8145.0,0.0,1476.0,738.0,738.0,2
8769.0,0.0,1190.0,0.0,1190.0,1
8334.0,0.0,1330.0,0.0,1330.0,1
8333.0,0.0,1491.0,753.0,738.0,2
9045.0,0.0,1536.0,768.0,768.0,2
9825.0,450.0,936.0,0.0,936.0,1
8308.0,0.0,1088.0,0.0,1088.0,1
16287.0,0.0,1351.0,450.0,901.0,2
8240.0,0.0,1179.0,0.0,1179.0,1
6285.0,0.0,1044.0,0.0,1044.0,1
9555.0,0.0,2233.0,1133.0,1100.0,5
7023.0,0.0,1408.0,674.0,734.0,2
39290.0,17000.0,5095.0,0.0,5095.0,4
3675.0,0.0,1072.0,0.0,1072.0,1
6400.0,0.0,960.0,0.0,960.0,1
6882.0,0.0,1152.0,0.0,1152.0,1
8741.0,0.0,1195.0,0.0,1195.0,1
10042.0,0.0,865.0,125.0,740.0,1
8172.0,0.0,768.0,0.0,768.0,1
8172.0,0.0,864.0,0.0,864.0,1
10890.0,1512.0,2592.0,1296.0,1296.0,5
7223.0,0.0,1422.0,0.0,1422.0,0
6821.0,0.0,1298.0,539.0,759.0,2
4000.0,0.0,1098.0,531.0,567.0,2
6720.0,0.0,1436.0,585.0,851.0,2
7155.0,0.0,1461.0,775.0,686.0,2
7230.0,0.0,1718.0,851.0,867.0,2
13108.0,0.0,1226.0,0.0,1226.0,1
7810.0,0.0,1755.0,525.0,1230.0,2
6221.0,0.0,1355.0,595.0,760.0,2
25485.0,0.0,1560.0,0.0,1560.0,0
21579.0,0.0,1488.0,0.0,1488.0,0
1782.0,0.0,1045.0,516.0,529.0,2
17871.0,0.0,1680.0,0.0,1680.0,0
3907.0,0.0,1020.0,0.0,1020.0,1
20693.0,0.0,1696.0,0.0,1696.0,0
18044.0,0.0,2726.0,0.0,2726.0,0
7000.0,0.0,1215.0,495.0,720.0,2
7288.0,0.0,1601.0,665.0,936.0,2
9060.0,0.0,1828.0,886.0,942.0,2
3672.0,0.0,816.0,0.0,816.0,1
11067.0,0.0,845.0,0.0,640.0,1
8250.0,0.0,1991.0,957.0,1034.0,2
6565.0,0.0,1073.0,0.0,1073.0,1
6060.0,0.0,1001.0,0.0,1001.0,1
5568.0,0.0,1625.0,0.0,1625.0,0
12150.0,0.0,1299.0,0.0,1299.0,1
10000.0,0.0,1392.0,0.0,1392.0,0
12864.0,0.0,1409.0,0.0,1409.0,0
9928.0,0.0,1478.0,0.0,1478.0,0
8750.0,0.0,918.0,0.0,918.0,1
8410.0,0.0,1026.0,0.0,1026.0,1
4054.0,0.0,1501.0,0.0,1501.0,0
19958.0,0.0,2279.0,0.0,2279.0,0
8368.0,0.0,1689.0,0.0,1689.0,0
8298.0,0.0,1564.0,0.0,1564.0,0
10331.0,0.0,1240.0,0.0,1240.0,1
6718.0,0.0,1312.0,0.0,1312.0,1
11305.0,0.0,1922.0,0.0,1922.0,0
7777.0,0.0,1491.0,0.0,1491.0,0
11800.0,0.0,2486.0,1340.0,1146.0,5
12633.0,0.0,1824.0,0.0,1824.0,0
43500.0,0.0,2034.0,0.0,2034.0,0
6710.0,0.0,936.0,0.0,936.0,1
1504.0,0.0,1092.0,546.0,546.0,2
1533.0,0.0,992.0,462.0,530.0,2
1495.0,0.0,1092.0,546.0,546.0,2
1890.0,0.0,1092.0,546.0,546.0,2
9129.0,0.0,1008.0,0.0,1008.0,1
15957.0,0.0,1356.0,0.0,1356.0,0
33983.0,0.0,1676.0,0.0,1676.0,0
8286.0,0.0,1432.0,716.0,716.0,2
6723.0,0.0,796.0,0.0,796.0,1
27697.0,0.0,1608.0,0.0,1608.0,0
11000.0,0.0,1178.0,0.0,1178.0,1
11625.0,0.0,816.0,0.0,816.0,1
10447.0,0.0,887.0,0.0,887.0,1
11027.0,0.0,1293.0,0.0,1293.0,1
10533.0,0.0,1024.0,0.0,1024.0,1
11765.0,0.0,1797.0,0.0,1797.0,0
39384.0,0.0,1390.0,0.0,1390.0,0
11727.0,0.0,1851.0,0.0,1851.0,0
8238.0,0.0,1525.0,712.0,813.0,2
13041.0,0.0,1671.0,890.0,781.0,2
9783.0,0.0,1776.0,955.0,821.0,2
13128.0,0.0,2064.0,990.0,1074.0,5
13751.0,0.0,2212.0,512.0,1700.0,0
13108.0,0.0,2687.0,608.0,2079.0,5
8076.0,0.0,1169.0,0.0,1169.0,1
3701.0,0.0,1204.0,0.0,1204.0,1
16023.0,0.0,2798.0,1384.0,1414.0,5
18062.0,0.0,3390.0,1862.0,1528.0,5
12292.0,0.0,2473.0,1371.0,1102.0,5
16052.0,0.0,2698.0,848.0,1850.0,5
15922.0,0.0,2795.0,1405.0,1390.0,5
8147.0,0.0,1714.0,0.0,1714.0,0
18261.0,0.0,2000.0,0.0,2000.0,0
10464.0,0.0,1102.0,0.0,1102.0,1
10530.0,0.0,1857.0,912.0,945.0,2
9927.0,0.0,1083.0,0.0,1083.0,1
9512.0,0.0,2318.0,1358.0,960.0,5
10530.0,0.0,1875.0,766.0,1109.0,2
10000.0,0.0,1103.0,0.0,1103.0,1
7200.0,0.0,874.0,0.0,874.0,1
8773.0,0.0,1419.0,0.0,1419.0,0
2760.0,0.0,1092.0,567.0,525.0,2
2160.0,0.0,1365.0,600.0,765.0,2
1890.0,0.0,1030.0,536.0,494.0,2
1680.0,0.0,948.0,465.0,483.0,2
1680.0,0.0,1092.0,567.0,525.0,2
4043.0,0.0,1069.0,0.0,1069.0,1
7514.0,0.0,1387.0,0.0,1387.0,1
2280.0,0.0,1055.0,0.0,1055.0,1
2179.0,0.0,1456.0,601.0,855.0,2
16387.0,0.0,2589.0,851.0,1738.0,5
16163.0,0.0,1618.0,0.0,1618.0,0
12228.0,0.0,1740.0,0.0,1740.0,0
14780.0,0.0,1868.0,0.0,1868.0,0
13975.0,0.0,2206.0,1089.0,1117.0,5
9942.0,0.0,2091.0,466.0,1625.0,0
12867.0,0.0,2253.0,1044.0,1209.0,5
10672.0,0.0,2389.0,1335.0,1054.0,5
11643.0,0.0,2358.0,814.0,1544.0,5
13758.0,0.0,1792.0,0.0,1792.0,0
14828.0,0.0,1780.0,0.0,1780.0,0
13215.0,0.0,1914.0,488.0,1426.0,0
5911.0,0.0,1565.0,0.0,1565.0,0
7740.0,0.0,1686.0,0.0,1686.0,0
6373.0,0.0,1666.0,0.0,1666.0,0
10237.0,0.0,1456.0,728.0,728.0,2
10237.0,0.0,1492.0,754.0,738.0,2
11660.0,0.0,1326.0,0.0,1326.0,1
11631.0,0.0,2373.0,1321.0,1052.0,5
9073.0,0.0,1492.0,754.0,738.0,2
3087.0,0.0,1364.0,0.0,1364.0,1
2938.0,0.0,1511.0,0.0,1511.0,0
3072.0,0.0,1548.0,0.0,1548.0,0
3010.0,0.0,1142.0,0.0,1142.0,1
9171.0,0.0,1598.0,750.0,848.0,2
8658.0,0.0,1889.0,881.0,1008.0,2
12104.0,0.0,2322.0,1240.0,1082.0,5
9660.0,0.0,1976.0,897.0,1079.0,2
9545.0,0.0,2234.0,1029.0,1205.0,5
9233.0,0.0,2855.0,1315.0,1540.0,5
10019.0,0.0,2726.0,1368.0,1358.0,5
17242.0,0.0,3500.0,1567.0,1933.0,5
10236.0,0.0,2494.0,1189.0,1305.0,5
12585.0,0.0,2799.0,1234.0,1565.0,5
12447.0,0.0,1964.0,848.0,1116.0,2
15218.0,0.0,1670.0,0.0,1670.0,0
10936.0,0.0,1504.0,0.0,1504.0,0
8640.0,0.0,1278.0,0.0,1278.0,1
13162.0,0.0,2640.0,604.0,2036.0,5
8125.0,0.0,1716.0,858.0,858.0,2
7733.0,0.0,1142.0,0.0,1142.0,1
11024.0,0.0,1400.0,0.0,1400.0,0
13072.0,0.0,1131.0,0.0,1131.0,1
7800.0,0.0,1686.0,795.0,891.0,2
7632.0,0.0,1585.0,754.0,831.0,2
8304.0,0.0,1837.0,896.0,941.0,2
9370.0,3000.0,1731.0,887.0,844.0,2
7175.0,0.0,1398.0,0.0,1398.0,0
7175.0,0.0,1217.0,0.0,1217.0,1
9019.0,0.0,1320.0,684.0,636.0,2
9100.0,0.0,988.0,0.0,988.0,1
8927.0,0.0,1654.0,368.0,1286.0,2
9240.0,0.0,1211.0,0.0,1211.0,1
9308.0,0.0,984.0,0.0,984.0,1
8450.0,0.0,909.0,0.0,909.0,1
8638.0,0.0,925.0,0.0,925.0,1
13052.0,0.0,1024.0,0.0,1024.0,1
8020.0,0.0,912.0,0.0,912.0,1
8789.0,0.0,941.0,0.0,941.0,1
14330.0,0.0,2646.0,495.0,2151.0,5
11025.0,0.0,2826.0,1306.0,1520.0,5
3628.0,0.0,1143.0,0.0,1143.0,1
2544.0,0.0,1223.0,623.0,520.0,2
2998.0,0.0,1524.0,756.0,768.0,2
4447.0,0.0,1080.0,550.0,530.0,2
8314.0,0.0,1694.0,840.0,854.0,2
7180.0,0.0,1568.0,0.0,1568.0,0
13110.0,0.0,1193.0,0.0,1193.0,1
10140.0,0.0,1334.0,0.0,1334.0,1
9600.0,0.0,1051.0,0.0,1051.0,1
8640.0,455.0,1770.0,886.0,884.0,2
9360.0,0.0,976.0,0.0,976.0,1
8400.0,0.0,898.0,0.0,898.0,1
9759.0,0.0,1051.0,0.0,1051.0,1
9600.0,0.0,1141.0,0.0,1141.0,1
8800.0,460.0,1565.0,0.0,1565.0,0
10368.0,0.0,1488.0,0.0,1488.0,0
9350.0,0.0,1440.0,720.0,720.0,2
10800.0,0.0,1248.0,0.0,1248.0,1
8550.0,0.0,816.0,0.0,816.0,1
9724.0,0.0,1043.0,0.0,1043.0,1
9600.0,0.0,1433.0,0.0,1433.0,0
10858.0,0.0,1624.0,0.0,1624.0,0
9600.0,0.0,1216.0,0.0,1216.0,1
9462.0,0.0,1728.0,704.0,1024.0,2
9888.0,0.0,936.0,0.0,936.0,1
8917.0,0.0,1584.0,0.0,1584.0,0
12700.0,0.0,1246.0,0.0,1246.0,1
9723.0,0.0,1008.0,0.0,1008.0,1
8400.0,0.0,1364.0,0.0,1364.0,1
9610.0,0.0,1336.0,0.0,1336.0,1
10000.0,0.0,1370.0,0.0,1370.0,0
10152.0,0.0,1124.0,0.0,1124.0,1
8092.0,0.0,1050.0,0.0,1050.0,1
12778.0,0.0,1008.0,0.0,1008.0,1
10170.0,0.0,1575.0,0.0,1575.0,0
7700.0,0.0,1145.0,0.0,1145.0,1
11050.0,0.0,1005.0,0.0,1005.0,1
13600.0,650.0,1056.0,0.0,1056.0,1
15428.0,0.0,884.0,0.0,884.0,1
21299.0,0.0,2039.0,0.0,2039.0,0
13300.0,400.0,1384.0,0.0,1384.0,0
22136.0,0.0,2640.0,1248.0,1392.0,5
7500.0,0.0,1312.0,412.0,900.0,2
10410.0,0.0,713.0,0.0,713.0,1
10914.0,0.0,715.0,0.0,715.0,1
7008.0,0.0,720.0,272.0,448.0,1
7200.0,0.0,1595.0,821.0,774.0,2
10818.0,0.0,1760.0,779.0,981.0,2
10184.0,0.0,1146.0,0.0,1146.0,1
9510.0,0.0,1207.0,0.0,1207.0,1
10800.0,0.0,1773.0,0.0,1773.0,0
11650.0,0.0,1472.0,0.0,1472.0,0
18275.0,0.0,2448.0,548.0,1900.0,5
12144.0,0.0,1521.0,611.0,910.0,2
8544.0,0.0,1040.0,0.0,1040.0,1
8512.0,0.0,1556.0,0.0,1556.0,0
7000.0,0.0,1150.0,0.0,1150.0,1
7400.0,0.0,1045.0,0.0,1045.0,1
7000.0,0.0,864.0,0.0,864.0,1
7000.0,0.0,1025.0,0.0,1025.0,1
9856.0,0.0,2014.0,1007.0,1007.0,2
9600.0,0.0,1668.0,442.0,1226.0,2
5520.0,0.0,1657.0,510.0,1147.0,2
9600.0,0.0,1416.0,476.0,940.0,2
6451.0,0.0,1428.0,580.0,848.0,2
3960.0,0.0,1004.0,502.0,502.0,2
7745.0,0.0,1951.0,867.0,1084.0,2
7741.0,0.0,1032.0,0.0,1032.0,1
5633.0,0.0,844.0,0.0,844.0,1
7200.0,0.0,864.0,0.0,864.0,1
7614.0,0.0,1376.0,662.0,714.0,2
6000.0,0.0,960.0,0.0,960.0,1
6000.0,0.0,1566.0,750.0,816.0,2
7830.0,0.0,492.0,0.0,492.0,1
9576.0,0.0,1182.0,297.0,885.0,1
5747.0,0.0,840.0,0.0,840.0,1
6300.0,0.0,2104.0,878.0,1226.0,5
5976.0,0.0,1248.0,624.0,624.0,2
9750.0,4500.0,960.0,0.0,960.0,1
4761.0,0.0,1020.0,0.0,1020.0,1
11737.0,0.0,1827.0,810.0,1017.0,2
6120.0,0.0,1162.0,434.0,728.0,2
6120.0,0.0,1324.0,583.0,741.0,2
11672.0,0.0,816.0,0.0,816.0,1
33120.0,0.0,2486.0,875.0,1611.0,5
10320.0,0.0,1430.0,596.0,834.0,2
7518.0,0.0,1330.0,665.0,665.0,2
9000.0,0.0,819.0,0.0,819.0,1
7200.0,0.0,984.0,0.0,984.0,1
12375.0,0.0,1422.0,341.0,1081.0,1
11136.0,0.0,1921.0,0.0,1921.0,0
21370.0,600.0,1640.0,0.0,1640.0,0
8250.0,0.0,1032.0,0.0,1032.0,1
5220.0,0.0,879.0,0.0,879.0,1
5500.0,0.0,1073.0,0.0,1073.0,1
11327.0,0.0,1064.0,0.0,1064.0,1
10366.0,500.0,934.0,0.0,934.0,1
9000.0,0.0,1059.0,0.0,1059.0,1
9535.0,0.0,1458.0,0.0,1458.0,0
7176.0,0.0,1040.0,0.0,1040.0,1
9662.0,0.0,1967.0,0.0,1967.0,0
8235.0,0.0,1949.0,0.0,1949.0,0
17529.0,0.0,872.0,0.0,872.0,1
20355.0,0.0,1830.0,0.0,1830.0,0
13050.0,0.0,1000.0,0.0,1000.0,1
10820.0,0.0,810.0,0.0,810.0,1
1700.0,0.0,1700.0,680.0,880.0,2
9375.0,0.0,1350.0,0.0,1350.0,1
6488.0,0.0,1150.0,351.0,799.0,1
19950.0,0.0,2009.0,672.0,1337.0,5
19800.0,0.0,3672.0,1836.0,1836.0,5
11679.0,0.0,1560.0,0.0,1560.0,0
12048.0,0.0,1488.0,0.0,1488.0,0
10519.0,0.0,1057.0,0.0,1057.0,1
9525.0,0.0,1609.0,541.0,1068.0,2
12128.0,0.0,2559.0,1246.0,1313.0,5
9069.0,0.0,1440.0,0.0,1440.0,0
11003.0,0.0,1876.0,568.0,1308.0,2
7488.0,0.0,1208.0,0.0,1208.0,1
13377.0,0.0,1846.0,0.0,1846.0,0
11645.0,0.0,1590.0,0.0,1590.0,0
10984.0,0.0,1809.0,864.0,945.0,2
9316.0,0.0,1614.0,0.0,1614.0,0
9316.0,0.0,1596.0,812.0,784.0,2
12000.0,0.0,1388.0,0.0,1388.0,0
13015.0,0.0,1100.0,0.0,1100.0,1
12438.0,0.0,1499.0,704.0,795.0,2
8685.0,0.0,1425.0,0.0,1425.0,0
9272.0,0.0,1749.0,893.0,856.0,2
13426.0,0.0,1779.0,828.0,951.0,2
8340.0,0.0,1388.0,702.0,686.0,2
10385.0,0.0,1282.0,0.0,1282.0,1
7200.0,0.0,864.0,0.0,864.0,1
9930.0,0.0,1762.0,884.0,878.0,2
9468.0,0.0,1755.0,915.0,840.0,2
11088.0,0.0,1358.0,0.0,1358.0,0
8726.0,0.0,1909.0,1037.0,872.0,2
10566.0,0.0,2214.0,1124.0,1090.0,5
21533.0,0.0,2049.0,984.0,1065.0,5
11250.0,0.0,1939.0,869.0,1070.0,2
11250.0,0.0,1995.0,1045.0,950.0,2
4435.0,0.0,848.0,0.0,848.0,1
8810.0,0.0,1390.0,0.0,1390.0,0
8581.0,0.0,1737.0,886.0,851.0,2
8400.0,0.0,1611.0,827.0,784.0,2
8772.0,0.0,1336.0,0.0,1336.0,1
8777.0,420.0,1436.0,676.0,760.0,2
7840.0,0.0,1012.0,0.0,1012.0,1
16133.0,0.0,1176.0,0.0,1176.0,1
7162.0,0.0,1724.0,918.0,806.0,2
8050.0,0.0,914.0,0.0,914.0,1
11060.0,0.0,2314.0,1150.0,1164.0,5
3675.0,0.0,1072.0,0.0,1072.0,1
2522.0,0.0,1709.0,739.0,970.0,2
6956.0,0.0,936.0,312.0,624.0,1
7822.0,0.0,1338.0,492.0,846.0,2
8707.0,0.0,1669.0,576.0,1093.0,2
16012.0,0.0,1482.0,0.0,1482.0,0
8248.0,0.0,1414.0,0.0,964.0,1
8088.0,0.0,498.0,0.0,498.0,1
11388.0,0.0,1273.0,218.0,1055.0,1
10890.0,0.0,1551.0,493.0,1058.0,2
6430.0,0.0,1340.0,524.0,816.0,2
7000.0,0.0,1479.0,736.0,743.0,2
4899.0,0.0,1510.0,755.0,755.0,2
9399.0,0.0,1636.0,818.0,818.0,2
10164.0,0.0,1465.0,473.0,992.0,2
6191.0,0.0,1288.0,464.0,824.0,2
21780.0,0.0,1550.0,610.0,940.0,2
12400.0,0.0,1717.0,592.0,1125.0,2
8170.0,0.0,1671.0,549.0,1122.0,2
12320.0,0.0,1609.0,650.0,959.0,2
14210.0,0.0,1801.0,697.0,1104.0,2
15600.0,0.0,2315.0,1037.0,1278.0,5
7288.0,0.0,976.0,0.0,976.0,1
7000.0,0.0,1285.0,424.0,861.0,2
8534.0,0.0,672.0,0.0,672.0,1
7030.0,0.0,641.0,0.0,641.0,1
9060.0,0.0,1638.0,671.0,967.0,2
12366.0,0.0,729.0,0.0,729.0,1
9000.0,0.0,1396.0,336.0,1060.0,1
8520.0,0.0,936.0,360.0,576.0,1
5748.0,0.0,1778.0,0.0,1778.0,0
3842.0,0.0,1646.0,0.0,1646.0,0
23580.0,0.0,1625.0,0.0,1625.0,0
8385.0,0.0,1664.0,0.0,1664.0,0
9116.0,0.0,1491.0,0.0,1491.0,0
11080.0,0.0,1210.0,0.0,1210.0,1
50102.0,0.0,1650.0,0.0,1650.0,0
8098.0,0.0,1403.0,0.0,1403.0,0
13618.0,0.0,1960.0,0.0,1960.0,0
11577.0,0.0,1838.0,0.0,1838.0,0
31250.0,0.0,1600.0,0.0,1600.0,0
7020.0,0.0,1368.0,0.0,1368.0,1
2665.0,0.0,1304.0,688.0,616.0,2
10172.0,0.0,874.0,0.0,874.0,1
11836.0,0.0,1652.0,0.0,1652.0,0
1470.0,0.0,630.0,0.0,630.0,1
1484.0,0.0,1092.0,546.0,546.0,2
13384.0,0.0,1360.0,0.0,1360.0,0
1533.0,0.0,1092.0,546.0,546.0,2
1526.0,0.0,1092.0,546.0,546.0,2
1936.0,0.0,1092.0,546.0,546.0,2
1894.0,0.0,1092.0,546.0,546.0,2
20000.0,0.0,1224.0,0.0,1224.0,1
10441.0,700.0,970.0,0.0,970.0,1
9627.0,0.0,2000.0,1004.0,996.0,2
